Date;open;high;low;close
3-1-22 14:00;4778.14;4795.86;4758.17;4767.42
3-1-22 15:00;4767.28;4785.72;4766.61;4779.85
3-1-22 16:00;4779.86;4780.71;4763.24;4772.29
3-1-22 17:00;4772.11;4779.05;4769.16;4774.74
3-1-22 18:00;4774.73;4786.12;4772.49;4786.05
3-1-22 19:00;4786.03;4795.2;4784.8;4790.72
3-1-22 20:00;4790.62;4796.38;4785.17;4795.94
3-1-22 21:00;4796.5;4796.64;4796.5;4796.56
4-1-22 14:00;4804.51;4818.62;4804.51;4814.86
4-1-22 15:00;4815.57;4815.57;4793.03;4793.65
4-1-22 16:00;4793.6;4797.62;4782.62;4792.81
4-1-22 17:00;4792.87;4797.44;4785.03;4785.95
4-1-22 18:00;4786.15;4790.99;4774.27;4774.99
4-1-22 19:00;4774.96;4793.27;4774.77;4791.83
4-1-22 20:00;4791.79;4807.64;4791.7;4793.39
4-1-22 21:00;4793.55;4793.57;4793.53;4793.54
5-1-22 14:00;4787.99;4793.05;4778.42;4790.45
5-1-22 15:00;4789.85;4797.7;4785.44;4790.23
5-1-22 16:00;4790.59;4791.44;4780.69;4783.01
5-1-22 17:00;4782.92;4789.9;4776.52;4776.91
5-1-22 18:00;4776.79;4778.47;4770.79;4775.87
5-1-22 19:00;4775.78;4786.09;4729.64;4734.69
5-1-22 20:00;4734.47;4734.47;4699.44;4700.49
5-1-22 21:00;4699.9;4700.81;4699.9;4700.58
6-1-22 14:00;4693.39;4720.74;4684.73;4686.29
6-1-22 15:00;4686.48;4713.66;4671.26;4704.38
6-1-22 16:00;4704.55;4716.34;4698.13;4709.17
6-1-22 17:00;4709.4;4725.01;4704.55;4713.34
6-1-22 18:00;4713.42;4716.53;4701.77;4708.22
6-1-22 19:00;4708.2;4713.88;4700.67;4711.49
6-1-22 20:00;4711.43;4718.65;4688.41;4696.25
6-1-22 21:00;4696.12;4696.12;4696.04;4696.05
7-1-22 14:00;4697.66;4707.95;4684.2;4703.29
7-1-22 15:00;4703.13;4703.95;4662.74;4669.35
7-1-22 16:00;4668.83;4697.1;4663;4692.93
7-1-22 17:00;4693.16;4694.05;4681.28;4688.57
7-1-22 18:00;4688.56;4692.28;4682.26;4685.2
7-1-22 19:00;4685.33;4692.98;4677.38;4690.94
7-1-22 20:00;4690.92;4695.72;4675.99;4676.51
7-1-22 21:00;4677.16;4677.16;4677.01;4677.03
10-1-22 14:00;4655.34;4655.34;4605.97;4609.14
10-1-22 15:00;4609.23;4610.61;4582.24;4593.18
10-1-22 16:00;4593.46;4617.75;4586.91;4610.62
10-1-22 17:00;4610.61;4616.78;4595.67;4608.8
10-1-22 18:00;4608.68;4637.75;4607.43;4635.08
10-1-22 19:00;4635.3;4654.49;4633.62;4645.97
10-1-22 20:00;4645.98;4673.02;4632.93;4669.85
10-1-22 21:00;4670.37;4670.43;4670.26;4670.29
11-1-22 14:00;4669.14;4670.86;4638.27;4644.27
11-1-22 15:00;4644.56;4664.94;4640.46;4650.54
11-1-22 16:00;4650.47;4696.72;4650.18;4692.05
11-1-22 17:00;4692.13;4695.84;4683.21;4693.99
11-1-22 18:00;4694.04;4701.87;4686.71;4701.13
11-1-22 19:00;4701.1;4709.72;4694.14;4705.36
11-1-22 20:00;4705.33;4714.13;4702.29;4712.87
11-1-22 21:00;4713.54;4713.54;4713.03;4713.07
12-1-22 14:00;4728.59;4743.22;4725.54;4742.96
12-1-22 15:00;4743.09;4748.83;4717.66;4723.3
12-1-22 16:00;4723.44;4731.05;4706.71;4725.86
12-1-22 17:00;4725.95;4734.54;4719.29;4733.54
12-1-22 18:00;4733.59;4733.88;4718.9;4720.1
12-1-22 19:00;4720.11;4727.68;4714.81;4725.7
12-1-22 20:00;4725.81;4732.43;4718.32;4726.55
12-1-22 21:00;4726.97;4726.97;4726.35;4726.35
13-1-22 14:00;4733.56;4744.13;4733.56;4739.25
13-1-22 15:00;4739.31;4741.11;4708.16;4715.29
13-1-22 16:00;4715.22;4728.91;4710.68;4724.7
13-1-22 17:00;4724.71;4724.71;4685.18;4691.95
13-1-22 18:00;4691.72;4703.59;4686.07;4702.02
13-1-22 19:00;4701.94;4707.24;4683.39;4689.15
13-1-22 20:00;4689.18;4689.18;4650.29;4660.21
13-1-22 21:00;4660.07;4660.07;4659.02;4659.03
14-1-22 14:00;4637.99;4660.48;4623.12;4659.03
14-1-22 15:00;4659.33;4663.29;4634.65;4641.15
14-1-22 16:00;4641.11;4648.83;4622.81;4645.27
14-1-22 17:00;4645.22;4647.45;4621.34;4622.09
14-1-22 18:00;4621.96;4636.3;4614.75;4635.16
14-1-22 19:00;4635.09;4645.84;4630.69;4638.83
14-1-22 20:00;4638.54;4665.13;4638.54;4661.92
14-1-22 21:00;4662.66;4662.85;4662.66;4662.85
18-1-22 14:00;4632.24;4632.24;4587.82;4597.8
18-1-22 15:00;4597.33;4610.98;4588.44;4590.97
18-1-22 16:00;4590.87;4601.71;4581.5;4596.08
18-1-22 17:00;4596.07;4597.73;4572.84;4573.21
18-1-22 18:00;4573.2;4587.82;4569.82;4586.52
18-1-22 19:00;4586.6;4603.64;4582.94;4599.74
18-1-22 20:00;4599.7;4601.55;4568.7;4578.88
18-1-22 21:00;4578.09;4578.09;4577.11;4577.11
19-1-22 14:00;4588.03;4611.55;4588.03;4609.64
19-1-22 15:00;4610.97;4610.97;4570.3;4577.92
19-1-22 16:00;4577.91;4583.17;4562.1;4582.24
19-1-22 17:00;4582.17;4597.37;4582.11;4595.76
19-1-22 18:00;4595.92;4596.19;4576.76;4579.79
19-1-22 19:00;4579.76;4581.53;4558.39;4569.28
19-1-22 20:00;4569.29;4576.08;4530.2;4533.11
19-1-22 21:00;4532.86;4533.01;4532.76;4532.76
20-1-22 14:00;4547.35;4584.04;4547.35;4581.7
20-1-22 15:00;4581.75;4598.5;4570.84;4595.91
20-1-22 16:00;4595.89;4602.11;4584.96;4590.38
20-1-22 17:00;4590.31;4592.9;4580.96;4582.55
20-1-22 18:00;4582.58;4582.58;4567.36;4567.91
20-1-22 19:00;4567.93;4579.96;4545.78;4547.85
20-1-22 20:00;4547.75;4552.62;4477.95;4482.27
20-1-22 21:00;4482.29;4482.73;4482.27;4482.73
21-1-22 14:00;4471.38;4479.59;4445.78;4450.74
21-1-22 15:00;4450.2;4485.38;4420.39;4475.08
21-1-22 16:00;4475.21;4494.52;4450.77;4459.38
21-1-22 17:00;4459.46;4463.99;4436.19;4442.85
21-1-22 18:00;4442.91;4455.44;4430.22;4436.24
21-1-22 19:00;4436.21;4446.59;4413.28;4413.38
21-1-22 20:00;4413.71;4426.05;4395.34;4397.87
21-1-22 21:00;4396.59;4397.94;4396.59;4397.94
24-1-22 14:00;4356.32;4356.32;4299.04;4304.2
24-1-22 15:00;4303.12;4321.95;4271.79;4300.61
24-1-22 16:00;4301.31;4301.31;4243.5;4270.14
24-1-22 17:00;4270.19;4276.31;4222.62;4267.86
24-1-22 18:00;4267.71;4327.41;4262.32;4327.23
24-1-22 19:00;4327.27;4344.01;4275.92;4319.13
24-1-22 20:00;4317.95;4417.35;4314.75;4411.87
24-1-22 21:00;4413.22;4413.22;4410.12;4410.13
25-1-22 14:00;4366.64;4366.64;4299.53;4304.51
25-1-22 15:00;4305.92;4353.12;4287.11;4325.32
25-1-22 16:00;4325.42;4342.81;4307.06;4312.29
25-1-22 17:00;4312.27;4341.77;4309.94;4328.46
25-1-22 18:00;4328.41;4377.48;4317.26;4377.48
25-1-22 19:00;4377.47;4411.01;4364.49;4409.71
25-1-22 20:00;4410.04;4410.22;4349.22;4358.03
25-1-22 21:00;4356.68;4356.69;4356.41;4356.45
26-1-22 14:00;4408.43;4436.93;4403.02;4432.41
26-1-22 15:00;4433.22;4444.83;4390.11;4405.3
26-1-22 16:00;4405.21;4427.64;4397.87;4421.04
26-1-22 17:00;4421.86;4435.37;4420.4;4433.85
26-1-22 18:00;4433.93;4434.21;4415.75;4422
26-1-22 19:00;4422.04;4453.23;4359.35;4377.4
26-1-22 20:00;4377.26;4377.26;4304.8;4347.26
26-1-22 21:00;4349.8;4349.93;4349.36;4349.93
27-1-22 14:00;4380.58;4426.31;4380.58;4416.33
27-1-22 15:00;4416.25;4428.74;4374.26;4406.29
27-1-22 16:00;4406.18;4416.95;4385.88;4403.38
27-1-22 17:00;4403.28;4403.69;4340.29;4353.99
27-1-22 18:00;4353.86;4358.01;4315.2;4333.7
27-1-22 19:00;4333.71;4355.26;4313.6;4324.87
27-1-22 20:00;4325;4352.91;4309.5;4325.48
27-1-22 21:00;4326.12;4326.52;4326.12;4326.51
28-1-22 14:00;4336.19;4342.99;4292.98;4297.45
28-1-22 15:00;4298.41;4346.78;4292.46;4346.76
28-1-22 16:00;4346.88;4383.91;4335.55;4382.94
28-1-22 17:00;4382.91;4387.89;4356.25;4358.98
28-1-22 18:00;4358.96;4381.48;4358.49;4376.57
28-1-22 19:00;4376.41;4383.46;4332.4;4374.07
28-1-22 20:00;4374;4432.72;4369.86;4431.8
28-1-22 21:00;4432.07;4432.07;4431.85;4431.85
31-1-22 14:00;4431.79;4447.78;4414.02;4447.78
31-1-22 15:00;4447.56;4472.02;4447.56;4465.12
31-1-22 16:00;4465.39;4481.72;4453.42;4481.09
31-1-22 17:00;4481.08;4489.05;4471.41;4487.36
31-1-22 18:00;4487.22;4489.91;4479.94;4487.24
31-1-22 19:00;4487.26;4497.93;4486.21;4495.27
31-1-22 20:00;4495.19;4516.89;4471.46;4515.44
31-1-22 21:00;4514.89;4515.55;4514.89;4515.55
1-2-22 14:00;4519.57;4525.56;4501.73;4511.61
1-2-22 15:00;4512.19;4514.01;4483.53;4513.87
1-2-22 16:00;4513.97;4523.94;4504.54;4521.02
1-2-22 17:00;4521.05;4522.8;4504.45;4518.73
1-2-22 18:00;4518.6;4520.84;4510.1;4518.43
1-2-22 19:00;4518.39;4522.61;4509.44;4518.33
1-2-22 20:00;4518.35;4550.49;4516.97;4544.95
1-2-22 21:00;4545.82;4546.54;4545.76;4546.54
2-2-22 14:00;4566.39;4578.43;4554.8;4559.87
2-2-22 15:00;4560.03;4574.4;4548.45;4565.47
2-2-22 16:00;4565.34;4566.84;4544.32;4561.65
2-2-22 17:00;4561.68;4582.08;4557.27;4582.08
2-2-22 18:00;4582.05;4582.46;4567.1;4577
2-2-22 19:00;4576.96;4590.6;4569.29;4584.13
2-2-22 20:00;4584.05;4595.31;4580.18;4587.73
2-2-22 21:00;4589.08;4589.39;4589.03;4589.38
3-2-22 14:00;4535.41;4536.03;4513.33;4516.59
3-2-22 15:00;4516.84;4542.67;4515.64;4533.21
3-2-22 16:00;4533.35;4542.88;4516.01;4516.01
3-2-22 17:00;4516.02;4519.23;4506.56;4513.07
3-2-22 18:00;4513.1;4520.34;4504.53;4513.5
3-2-22 19:00;4513.49;4518.94;4491.12;4496.41
3-2-22 20:00;4496.48;4506.8;4470.39;4479.1
3-2-22 21:00;4477.59;4477.59;4477.25;4477.44
4-2-22 14:00;4482.79;4496.08;4464.63;4484.16
4-2-22 15:00;4484.31;4500.07;4456.05;4460.34
4-2-22 16:00;4460.36;4490.24;4451.5;4481.94
4-2-22 17:00;4481.92;4498.74;4477.8;4498.24
4-2-22 18:00;4498.31;4520.5;4498.31;4518.86
4-2-22 19:00;4518.82;4523.46;4507.09;4523.08
4-2-22 20:00;4522.9;4539.66;4499.81;4499.81
4-2-22 21:00;4499.98;4500.62;4499.98;4500.53
7-2-22 14:00;4505.75;4516.06;4496.99;4511.01
7-2-22 15:00;4511.22;4520.67;4498.62;4511
7-2-22 16:00;4511.05;4513.33;4483.94;4494.36
7-2-22 17:00;4494.34;4494.47;4480.97;4489.12
7-2-22 18:00;4489.02;4508.29;4487.75;4506.94
7-2-22 19:00;4506.93;4516.88;4501.71;4512.33
7-2-22 20:00;4512.31;4521.86;4471.47;4484.12
7-2-22 21:00;4484.08;4484.08;4483.86;4483.87
8-2-22 14:00;4480.02;4486.61;4473.91;4477.12
8-2-22 15:00;4477;4495.48;4465.4;4491.71
8-2-22 16:00;4491.59;4514.51;4491.47;4513.37
8-2-22 17:00;4513.39;4525.11;4508.28;4518.81
8-2-22 18:00;4518.78;4518.89;4509.53;4516.05
8-2-22 19:00;4516.11;4520.63;4495.1;4499.72
8-2-22 20:00;4499.8;4531.32;4494.38;4520.85
8-2-22 21:00;4521.23;4521.54;4521.23;4521.54
9-2-22 14:00;4547;4575.85;4547;4566.86
9-2-22 15:00;4565.84;4579.54;4564.67;4579.54
9-2-22 16:00;4579.63;4582.19;4568.13;4571.29
9-2-22 17:00;4571.28;4579.1;4566.47;4578.95
9-2-22 18:00;4578.93;4580.54;4573.67;4579.88
9-2-22 19:00;4579.89;4587.95;4578.9;4579.07
9-2-22 20:00;4579.05;4590.03;4570.22;4586.85
9-2-22 21:00;4587.44;4587.44;4587.18;4587.18
10-2-22 14:00;4553.24;4566.86;4529.94;4564.12
10-2-22 15:00;4564.25;4588.92;4562.82;4566.44
10-2-22 16:00;4566.5;4574.45;4555;4573.74
10-2-22 17:00;4573.77;4576.61;4540.36;4548.88
10-2-22 18:00;4548.91;4554.18;4513.23;4530.07
10-2-22 19:00;4531.27;4532.73;4506.91;4509.17
10-2-22 20:00;4509.92;4522.37;4484.31;4503.27
10-2-22 21:00;4504.45;4504.45;4503.9;4504.08
11-2-22 14:00;4506.27;4526.33;4500.39;4503.19
11-2-22 15:00;4503.32;4518.59;4494.68;4501.12
11-2-22 16:00;4501.18;4512.43;4480.03;4490.72
11-2-22 17:00;4490.65;4497.53;4475.88;4478.13
11-2-22 18:00;4478.09;4487.31;4422.23;4429.67
11-2-22 19:00;4429.51;4449.06;4406.07;4420.46
11-2-22 20:00;4420.49;4438.12;4401.41;4416.86
11-2-22 21:00;4417.44;4418.64;4417.44;4418.64
14-2-22 14:00;4412.61;4423.46;4401.96;4411.18
14-2-22 15:00;4412.51;4414.15;4385.52;4389.61
14-2-22 16:00;4389.66;4416.96;4387.84;4412.63
14-2-22 17:00;4412.65;4425.2;4407.47;4419.85
14-2-22 18:00;4419.86;4426.22;4373.27;4374.13
14-2-22 19:00;4373.99;4398.37;4364.84;4392.2
14-2-22 20:00;4392.11;4412.12;4380.12;4401.1
14-2-22 21:00;4401.72;4401.72;4401.27;4401.67
15-2-22 14:00;4429.28;4467.47;4429.28;4450.65
15-2-22 15:00;4450.63;4469.33;4446.49;4465.55
15-2-22 16:00;4465.54;4470.2;4458.61;4466.26
15-2-22 17:00;4466.25;4468.99;4443.06;4449.09
15-2-22 18:00;4449.28;4466.33;4448.38;4465.38
15-2-22 19:00;4465.42;4467.07;4455.97;4464.06
15-2-22 20:00;4464;4472.77;4449.57;4470.7
15-2-22 21:00;4470.97;4471.08;4470.8;4471.07
16-2-22 14:00;4455.75;4457.95;4435.25;4437.69
16-2-22 15:00;4437.72;4445.32;4433.17;4439.47
16-2-22 16:00;4439.57;4446.73;4438.09;4445.6
16-2-22 17:00;4445.76;4449.17;4429.68;4438.37
16-2-22 18:00;4438.42;4442.78;4434.94;4439.29
16-2-22 19:00;4439.2;4481.44;4432.14;4474.85
16-2-22 20:00;4474.9;4489.55;4472.26;4475.28
16-2-22 21:00;4475.16;4475.24;4475.01;4475.01
17-2-22 14:00;4456.06;4456.06;4415.92;4416.91
17-2-22 15:00;4416.86;4425.19;4407.89;4418.25
17-2-22 16:00;4418.23;4429.68;4416.09;4421.71
17-2-22 17:00;4421.67;4427.05;4416.91;4420.86
17-2-22 18:00;4420.88;4421.91;4409.57;4412.49
17-2-22 19:00;4412.53;4412.53;4392.69;4392.82
17-2-22 20:00;4392.88;4394.77;4373.81;4380.05
17-2-22 21:00;4380.18;4380.26;4379.95;4380.26
18-2-22 14:00;4384.57;4394.6;4368.59;4392.71
18-2-22 15:00;4392.44;4394.06;4361.25;4363.62
18-2-22 16:00;4363.58;4363.71;4338.07;4340.47
18-2-22 17:00;4340.46;4358.12;4333.66;4333.66
18-2-22 18:00;4333.75;4351.37;4327.22;4348.49
18-2-22 19:00;4348.44;4378.91;4346.2;4374.78
18-2-22 20:00;4374.76;4381.71;4337.23;4348.67
18-2-22 21:00;4349.94;4349.94;4348.87;4348.87
22-2-22 14:00;4332.74;4359.83;4313.02;4349.67
22-2-22 15:00;4349.7;4362.12;4325.33;4326.73
22-2-22 16:00;4325.79;4331.62;4312.98;4320.6
22-2-22 17:00;4320.62;4326.61;4300.78;4301.7
22-2-22 18:00;4301.84;4307.88;4276.34;4280.82
22-2-22 19:00;4280.77;4325.2;4267.11;4317.23
22-2-22 20:00;4317.55;4335.62;4289.34;4304.93
22-2-22 21:00;4304.83;4304.83;4304.64;4304.76
23-2-22 14:00;4324.93;4341.51;4319.29;4320.17
23-2-22 15:00;4320.27;4320.27;4286.09;4289.32
23-2-22 16:00;4289.24;4298.69;4274.51;4296.08
23-2-22 17:00;4296.03;4310.29;4285.37;4287.96
23-2-22 18:00;4288.06;4288.09;4259.28;4270
23-2-22 19:00;4269.46;4273.86;4238.75;4244.15
23-2-22 20:00;4244.1;4246.04;4221.51;4226.1
23-2-22 21:00;4225.76;4225.76;4225.5;4225.5
24-2-22 14:00;4155.77;4165.57;4114.65;4164.67
24-2-22 15:00;4164.99;4188.86;4139.65;4177.87
24-2-22 16:00;4178.15;4202.3;4169.44;4194.43
24-2-22 17:00;4194.39;4195.59;4161.94;4171.79
24-2-22 18:00;4171.93;4220.42;4165.98;4197.61
24-2-22 19:00;4197.69;4245.29;4187.81;4241.55
24-2-22 20:00;4241.54;4294.73;4238.38;4286.84
24-2-22 21:00;4288.82;4288.82;4288.44;4288.7
25-2-22 14:00;4298.38;4319.48;4291.14;4292.31
25-2-22 15:00;4292.37;4346.56;4286.83;4339.58
25-2-22 16:00;4339.7;4375.08;4332.84;4374.27
25-2-22 17:00;4374.31;4380.12;4361.67;4365.79
25-2-22 18:00;4365.75;4383.85;4356.27;4373.85
25-2-22 19:00;4373.89;4382.28;4358.43;4368.09
25-2-22 20:00;4368.07;4385.34;4359.55;4384.83
25-2-22 21:00;4384.74;4384.74;4384.61;4384.65
28-2-22 14:00;4354.17;4354.17;4331.64;4348.89
28-2-22 15:00;4349.48;4368.85;4326.62;4366.38
28-2-22 16:00;4366.41;4388.84;4362.83;4380.48
28-2-22 17:00;4380.35;4383.33;4334.54;4342.94
28-2-22 18:00;4342.88;4360.89;4336.81;4352.78
28-2-22 19:00;4352.73;4352.73;4315.12;4336.87
28-2-22 20:00;4336.57;4376.27;4323.74;4373.75
28-2-22 21:00;4374.18;4374.18;4373.2;4373.94
1-3-22 14:00;4363.14;4378.45;4352.61;4355.37
1-3-22 15:00;4355.4;4367.34;4330.97;4334.22
1-3-22 16:00;4334.17;4347.67;4299.66;4305
1-3-22 17:00;4304.87;4322.6;4292.73;4321
1-3-22 18:00;4320.97;4326.24;4289.4;4298.07
1-3-22 19:00;4298.02;4319.73;4287.34;4303.87
1-3-22 20:00;4303.91;4328.43;4279.54;4305.9
1-3-22 21:00;4306.31;4306.31;4306.16;4306.26
2-3-22 14:00;4322.56;4353.45;4322.56;4344.24
2-3-22 15:00;4342.62;4361.72;4323.7;4351.43
2-3-22 16:00;4351.49;4388.78;4343.89;4377.82
2-3-22 17:00;4377.75;4387.25;4373.02;4384.5
2-3-22 18:00;4384.56;4399.68;4384.56;4394.27
2-3-22 19:00;4394.25;4401.14;4384.18;4386.73
2-3-22 20:00;4386.8;4401.48;4384.05;4385.62
2-3-22 21:00;4386.01;4386.55;4386.01;4386.54
3-3-22 14:00;4401.31;4416.78;4396.57;4404.01
3-3-22 15:00;4403.82;4408.67;4355.2;4355.23
3-3-22 16:00;4355.25;4373.96;4345.56;4369.6
3-3-22 17:00;4369.66;4397.96;4360.99;4384.81
3-3-22 18:00;4384.82;4395.34;4380.52;4386.12
3-3-22 19:00;4386.02;4397.77;4365.55;4368.75
3-3-22 20:00;4367.71;4370.66;4346.03;4363.74
3-3-22 21:00;4363.83;4363.83;4363.48;4363.49
4-3-22 14:00;4342.12;4342.12;4300.82;4324.25
4-3-22 15:00;4324.04;4329.15;4290.05;4290.89
4-3-22 16:00;4290.95;4305.45;4284.98;4297.9
4-3-22 17:00;4297.88;4328.39;4293.7;4324.87
4-3-22 18:00;4324.94;4339.48;4309.84;4310.39
4-3-22 19:00;4310.44;4323.65;4298.57;4299.01
4-3-22 20:00;4299.03;4331.66;4298.82;4329.36
4-3-22 21:00;4328.52;4328.88;4328.48;4328.87
7-3-22 14:00;4327.01;4327.01;4285.05;4285.31
7-3-22 15:00;4283.57;4291.77;4256.39;4261.28
7-3-22 16:00;4261.18;4276.98;4246.1;4247.43
7-3-22 17:00;4247.44;4248.25;4228.09;4235.44
7-3-22 18:00;4235.4;4247.66;4225.93;4232.42
7-3-22 19:00;4232.22;4243.73;4219.18;4222.44
7-3-22 20:00;4222.45;4224.96;4199.85;4201.57
7-3-22 21:00;4200.85;4201.09;4200.85;4201.09
8-3-22 14:00;4202.66;4215.93;4185;4192.97
8-3-22 15:00;4192.48;4199.15;4160.23;4197.65
8-3-22 16:00;4197.92;4201.85;4157.87;4183.77
8-3-22 17:00;4184.68;4260.67;4183.02;4257.28
8-3-22 18:00;4257.23;4276.94;4200.55;4201.03
8-3-22 19:00;4201.1;4232.08;4184.5;4220.51
8-3-22 20:00;4220.32;4239.2;4168.4;4170.74
8-3-22 21:00;4169.62;4170.71;4169.62;4170.7
9-3-22 14:00;4223.1;4261.06;4223.1;4245.96
9-3-22 15:00;4246.59;4273.74;4245.27;4271.06
9-3-22 16:00;4271.07;4279.49;4253.35;4278.56
9-3-22 17:00;4278.67;4291.57;4274.22;4288.4
9-3-22 18:00;4288.43;4288.43;4268.6;4272.22
9-3-22 19:00;4272.36;4285.38;4271.58;4278.54
9-3-22 20:00;4278.44;4299.4;4271.94;4277.55
9-3-22 21:00;4278.1;4278.1;4277.84;4277.88
10-3-22 14:00;4252.55;4253.94;4226.11;4250.5
10-3-22 15:00;4250.82;4256.59;4220.14;4222.51
10-3-22 16:00;4222.52;4224.19;4209.8;4223.78
10-3-22 17:00;4223.68;4235.73;4216.4;4218.85
10-3-22 18:00;4218.93;4242.54;4215.91;4239.32
10-3-22 19:00;4239.29;4264.51;4238.25;4260.64
10-3-22 20:00;4260.67;4268.28;4245.86;4259.19
10-3-22 21:00;4259.36;4259.53;4259.36;4259.52
11-3-22 14:00;4279.5;4291.01;4270.84;4274.69
11-3-22 15:00;4274.98;4274.98;4253.8;4273.79
11-3-22 16:00;4273.67;4273.79;4242.31;4247.67
11-3-22 17:00;4247.88;4251.67;4234.76;4244.12
11-3-22 18:00;4244.15;4258.61;4241.25;4241.33
11-3-22 19:00;4241.34;4251.86;4231;4235.15
11-3-22 20:00;4235.32;4235.56;4200.49;4203.91
11-3-22 21:00;4204.42;4204.44;4204.31;4204.31
14-3-22 13:00;4202.75;4220.31;4194.9;4216.25
14-3-22 14:00;4216.21;4245.93;4209.12;4245.93
14-3-22 15:00;4246.18;4247.57;4203.5;4207.67
14-3-22 16:00;4207.54;4207.54;4182.03;4182.03
14-3-22 17:00;4182.11;4183.3;4164.81;4170.02
14-3-22 18:00;4170.07;4175.32;4161.72;4173.78
14-3-22 19:00;4173.83;4184.09;4163.23;4172.27
14-3-22 20:00;4172.96;4173.13;4172.96;4173.11
15-3-22 13:00;4188.82;4214.05;4187.9;4205.79
15-3-22 14:00;4206.17;4230.7;4194.41;4220.58
15-3-22 15:00;4220.85;4244.95;4220.7;4228.65
15-3-22 16:00;4228.56;4246.74;4219.49;4238.44
15-3-22 17:00;4238.5;4243.94;4222.54;4235.28
15-3-22 18:00;4235.31;4250.04;4217.54;4249.68
15-3-22 19:00;4249.38;4271.05;4246.94;4262.66
15-3-22 20:00;4263.58;4263.58;4262.45;4262.45
16-3-22 13:00;4288.14;4330.65;4288.14;4322.15
16-3-22 14:00;4322.34;4347.06;4311.19;4336.77
16-3-22 15:00;4336.85;4338.31;4326.43;4333.58
16-3-22 16:00;4333.63;4338.93;4315.78;4319.83
16-3-22 17:00;4319.84;4321.84;4304.15;4316.21
16-3-22 18:00;4316.19;4316.64;4251.99;4303.27
16-3-22 19:00;4303.14;4358.45;4297.96;4358.36
16-3-22 20:00;4358.9;4358.9;4357.85;4357.86
17-3-22 13:00;4345.11;4365.4;4335.65;4365.21
17-3-22 14:00;4365.24;4371.97;4343.98;4350.96
17-3-22 15:00;4351.23;4367.67;4346.72;4364.55
17-3-22 16:00;4364.57;4381.76;4361.78;4380.65
17-3-22 17:00;4380.64;4402.02;4373.81;4398.18
17-3-22 18:00;4398.1;4400.09;4386.55;4397.43
17-3-22 19:00;4397.34;4410.46;4384.89;4410.36
17-3-22 20:00;4412.67;4412.67;4411.34;4411.67
18-3-22 13:00;4407.34;4408.19;4390.57;4407.41
18-3-22 14:00;4407.5;4424.35;4402.53;4411.64
18-3-22 15:00;4412.09;4425.24;4409.59;4416.75
18-3-22 16:00;4416.71;4433.97;4413.23;4431.93
18-3-22 17:00;4431.89;4440.61;4429.7;4437.4
18-3-22 18:00;4437.53;4443.58;4432.36;4442.87
18-3-22 19:00;4442.84;4465.4;4441.42;4462.85
18-3-22 20:00;4461.98;4463.55;4461.98;4463.12
21-3-22 13:00;4462.4;4481.75;4455.7;4456.34
21-3-22 14:00;4456.41;4467.35;4444.43;4465.63
21-3-22 15:00;4465.61;4474.27;4461.02;4471.43
21-3-22 16:00;4471.45;4475.22;4439.07;4440.58
21-3-22 17:00;4440.59;4442.49;4424.3;4441.81
21-3-22 18:00;4441.76;4456.13;4434.48;4435.74
21-3-22 19:00;4435.93;4461.56;4433.97;4461.46
21-3-22 20:00;4461.53;4461.53;4461.16;4461.18
22-3-22 13:00;4469.1;4491.55;4469.1;4488.97
22-3-22 14:00;4489.05;4510.62;4489.05;4505.31
22-3-22 15:00;4505.28;4513.8;4500.07;4504.5
22-3-22 16:00;4504.48;4508.49;4495.25;4507.58
22-3-22 17:00;4507.54;4513.05;4503.37;4512.18
22-3-22 18:00;4512.15;4512.87;4498.91;4507.64
22-3-22 19:00;4507.39;4522;4505.91;4512.56
22-3-22 20:00;4512.4;4512.4;4511.61;4511.61
23-3-22 13:00;4493.1;4493.1;4473.49;4477.53
23-3-22 14:00;4477.68;4496.24;4473.96;4488.23
23-3-22 15:00;4488.61;4498.01;4488.61;4494.48
23-3-22 16:00;4494.45;4501.07;4478.72;4485.05
23-3-22 17:00;4484.86;4485.58;4464.67;4474.14
23-3-22 18:00;4474.17;4479.44;4464.42;4470.4
23-3-22 19:00;4470.44;4475.8;4455.81;4456.18
23-3-22 20:00;4455.83;4456.24;4455.83;4456.24
24-3-22 13:00;4469.98;4479.2;4465.17;4472.77
24-3-22 14:00;4472.8;4485.66;4468.79;4479.75
24-3-22 15:00;4479.86;4505.48;4478.99;4500.93
24-3-22 16:00;4500.88;4501.72;4485.19;4494.23
24-3-22 17:00;4494.3;4501.73;4491.3;4498.83
24-3-22 18:00;4498.78;4504.7;4491.58;4498.75
24-3-22 19:00;4498.43;4520.58;4494.74;4520.02
24-3-22 20:00;4520.35;4520.35;4520.15;4520.16
25-3-22 13:00;4522.91;4532.43;4520.37;4525.13
25-3-22 14:00;4525.18;4546.03;4521.31;4539.81
25-3-22 15:00;4539.91;4541.13;4501.07;4509.18
25-3-22 16:00;4509.03;4520.62;4506.68;4516.46
25-3-22 17:00;4516.61;4530.47;4512.48;4529.75
25-3-22 18:00;4530.01;4537.91;4528.39;4535.47
25-3-22 19:00;4535.44;4543.94;4514.3;4543.05
25-3-22 20:00;4543.41;4543.41;4542.96;4543.06
28-3-22 13:00;4541.09;4552.75;4533.19;4552.22
28-3-22 14:00;4552.49;4552.71;4537.01;4549.41
28-3-22 15:00;4550.05;4550.92;4519.75;4521.21
28-3-22 16:00;4521.2;4533.71;4517.69;4533.05
28-3-22 17:00;4533.09;4541.7;4531.12;4541.06
28-3-22 18:00;4541.1;4560.75;4539.02;4560.71
28-3-22 19:00;4560.81;4575.65;4556.07;4575.45
28-3-22 20:00;4575.58;4575.58;4575.49;4575.52
29-3-22 13:00;4602.86;4627.63;4602.86;4609.81
29-3-22 14:00;4609.34;4613.09;4589.66;4609.05
29-3-22 15:00;4608.77;4615.72;4599.91;4610.61
29-3-22 16:00;4610.73;4611.35;4592.61;4599.69
29-3-22 17:00;4599.92;4612.31;4593.76;4612.26
29-3-22 18:00;4612.33;4624.73;4608.19;4622.83
29-3-22 19:00;4622.82;4637.3;4620.73;4631.65
29-3-22 20:00;4632.14;4632.14;4631.6;4631.6
30-3-22 13:00;4624.2;4625.51;4614.44;4625.08
30-3-22 14:00;4625.04;4627.77;4614.05;4614.28
30-3-22 15:00;4614.34;4616.21;4603.15;4612.36
30-3-22 16:00;4612.41;4617.01;4607.5;4615.62
30-3-22 17:00;4615.61;4615.81;4601.71;4602.64
30-3-22 18:00;4602.61;4608.97;4594.5;4594.99
30-3-22 19:00;4595.06;4602.66;4581.32;4602.66
30-3-22 20:00;4603.02;4603.02;4602.44;4602.45
31-3-22 13:00;4599.02;4599.02;4587.44;4595.06
31-3-22 14:00;4595.15;4603.07;4581.93;4601.18
31-3-22 15:00;4600.6;4601.83;4589.33;4594.82
31-3-22 16:00;4594.92;4596.74;4582.18;4582.43
31-3-22 17:00;4582.75;4590.38;4578.5;4585.57
31-3-22 18:00;4585.55;4585.59;4574.48;4581.64
31-3-22 19:00;4582.04;4589.18;4532.28;4532.3
31-3-22 20:00;4531.47;4532.39;4530.41;4530.41
1-4-22 13:00;4540.32;4548.7;4532.23;4537.52
1-4-22 14:00;4537.96;4543.47;4524.52;4535.94
1-4-22 15:00;4536.01;4539.96;4517.58;4519.17
1-4-22 16:00;4518.73;4520.38;4509.66;4515.19
1-4-22 17:00;4515.06;4524.18;4507.57;4521.53
1-4-22 18:00;4521.46;4542.87;4520.91;4534
1-4-22 19:00;4533.65;4547.56;4519.64;4544.79
1-4-22 20:00;4545.74;4545.86;4545.68;4545.86
4-4-22 13:00;4547.97;4562.63;4539.21;4561.49
4-4-22 14:00;4561.71;4565.4;4551.73;4560.67
4-4-22 15:00;4560.9;4573.23;4560.02;4571.55
4-4-22 16:00;4571.59;4573.09;4565.33;4565.67
4-4-22 17:00;4565.64;4573.63;4563.27;4573.26
4-4-22 18:00;4573.21;4578.41;4566.56;4576.73
4-4-22 19:00;4576.83;4583.5;4573.88;4582.84
4-4-22 20:00;4583.04;4583.04;4582.62;4582.64
5-4-22 13:00;4572.45;4587.36;4567.56;4585.25
5-4-22 14:00;4585.24;4593.45;4553.91;4566.04
5-4-22 15:00;4566.2;4567.84;4550.27;4550.27
5-4-22 16:00;4550.21;4553.99;4542.03;4550.84
5-4-22 17:00;4550.77;4561.51;4540.99;4545.26
5-4-22 18:00;4545.29;4549.5;4539.63;4540.24
5-4-22 19:00;4540.22;4542.53;4514.17;4526.45
5-4-22 20:00;4525.76;4525.76;4525.11;4525.12
6-4-22 13:00;4494.17;4494.17;4469.5;4470.51
6-4-22 14:00;4470.38;4472.94;4460;4464.94
6-4-22 15:00;4464.84;4478.61;4461.87;4473.44
6-4-22 16:00;4473.54;4475.26;4461.29;4467.45
6-4-22 17:00;4467.47;4483.56;4464.29;4476.14
6-4-22 18:00;4476.05;4498.45;4450.04;4494.55
6-4-22 19:00;4494.63;4503.94;4468.64;4480.61
6-4-22 20:00;4480.55;4481.38;4480.55;4481.15
7-4-22 13:00;4474.65;4491.58;4469.32;4484.64
7-4-22 14:00;4485.39;4491.37;4459.63;4466.94
7-4-22 15:00;4466.96;4474.93;4453.74;4457.82
7-4-22 16:00;4457.7;4465.51;4450.3;4457.07
7-4-22 17:00;4457.05;4490.55;4456.37;4490.03
7-4-22 18:00;4489.75;4508.35;4483.94;4507.78
7-4-22 19:00;4507.37;4521.16;4498.84;4499.49
7-4-22 20:00;4500.54;4500.54;4500.18;4500.21
8-4-22 13:00;4494.15;4496.36;4474.76;4476.48
8-4-22 14:00;4475.71;4512.08;4474.6;4512.08
8-4-22 15:00;4512.05;4516.96;4503.78;4510.96
8-4-22 16:00;4510.78;4520.41;4506.54;4516.48
8-4-22 17:00;4516.32;4516.55;4500.66;4503.51
8-4-22 18:00;4503.46;4507.7;4491.4;4500.54
8-4-22 19:00;4500.28;4507.57;4481.8;4489.24
8-4-22 20:00;4489.75;4489.75;4488.28;4488.28
11-4-22 13:00;4462.64;4464.35;4444.47;4455.37
11-4-22 14:00;4455.2;4458.46;4434.28;4437.37
11-4-22 15:00;4437.39;4441.33;4430.43;4436.03
11-4-22 16:00;4436.04;4437.07;4428.55;4432.65
11-4-22 17:00;4432.73;4439.76;4429.2;4436.2
11-4-22 18:00;4436.13;4442.07;4426.74;4438.71
11-4-22 19:00;4438.7;4444.01;4408.38;4413.39
11-4-22 20:00;4413.31;4413.31;4412.53;4412.53
12-4-22 13:00;4437.59;4471;4437.59;4465.74
12-4-22 14:00;4465.34;4467.09;4437.16;4440.72
12-4-22 15:00;4440.68;4459.13;4437.6;4450.61
12-4-22 16:00;4450.7;4451.52;4427.34;4434.75
12-4-22 17:00;4434.67;4439.88;4408.29;4409.87
12-4-22 18:00;4409.78;4416.95;4394.4;4402.09
12-4-22 19:00;4402.18;4403.59;4381.34;4397.95
12-4-22 20:00;4397.12;4397.45;4397.12;4397.45
13-4-22 13:00;4394.3;4415.27;4392.7;4403.55
13-4-22 14:00;4403.8;4412.67;4397.02;4411.54
13-4-22 15:00;4411.82;4432.75;4411.46;4423.73
13-4-22 16:00;4423.87;4439.44;4421.59;4434.63
13-4-22 17:00;4434.68;4441.71;4429.32;4433.7
13-4-22 18:00;4433.66;4443.32;4431.49;4441.96
13-4-22 19:00;4441.89;4453.92;4437.26;4446.84
13-4-22 20:00;4446.79;4446.89;4446.59;4446.59
14-4-22 13:00;4449.12;4460.46;4431.26;4435.17
14-4-22 14:00;4435.39;4442.31;4419.77;4428.14
14-4-22 15:00;4427.94;4435.27;4419.67;4421.37
14-4-22 16:00;4421.42;4424.76;4408.12;4413.77
14-4-22 17:00;4413.78;4426.14;4409.79;4426.08
14-4-22 18:00;4426.05;4431.32;4407.1;4407.11
14-4-22 19:00;4407.05;4412.74;4390.77;4392.44
14-4-22 20:00;4392.54;4392.66;4392.54;4392.59
18-4-22 13:00;4385.63;4408.21;4382.77;4390.76
18-4-22 14:00;4390.73;4408.1;4386.06;4399.54
18-4-22 15:00;4399.48;4402.58;4376.22;4385.32
18-4-22 16:00;4385.31;4385.61;4370.48;4379.29
18-4-22 17:00;4379.28;4410.31;4377.96;4405.08
18-4-22 18:00;4405.03;4409.98;4397.04;4397.67
18-4-22 19:00;4397.49;4398.64;4370.3;4392.04
18-4-22 20:00;4392.61;4392.61;4391.69;4391.69
19-4-22 13:00;4390.63;4427.05;4390.63;4427.01
19-4-22 14:00;4427.15;4451.16;4425;4444.85
19-4-22 15:00;4445.07;4455.81;4441.68;4450.9
19-4-22 16:00;4450.82;4453.44;4444.89;4447.6
19-4-22 17:00;4447.61;4451.74;4440.58;4449.56
19-4-22 18:00;4449.57;4451.6;4438.62;4451.31
19-4-22 19:00;4451.29;4471.03;4449.42;4463.52
19-4-22 20:00;4462.84;4462.99;4462.21;4462.21
20-4-22 13:00;4472.26;4488.29;4458.12;4462.49
20-4-22 14:00;4462.95;4485.43;4457.58;4482.3
20-4-22 15:00;4482.63;4482.81;4464.05;4473.66
20-4-22 16:00;4473.68;4479.34;4461.37;4475.92
20-4-22 17:00;4475.96;4484.77;4473.02;4479.5
20-4-22 18:00;4479.51;4481.77;4448.76;4453.25
20-4-22 19:00;4453.38;4476.89;4452.85;4459.55
20-4-22 20:00;4459.95;4459.95;4459.39;4459.45
21-4-22 13:00;4489.17;4512.94;4489.17;4506.64
21-4-22 14:00;4506.8;4507.29;4482.58;4486.61
21-4-22 15:00;4486.58;4489.07;4459.82;4459.88
21-4-22 16:00;4459.85;4462.74;4439.39;4439.55
21-4-22 17:00;4439.63;4448.25;4427.07;4430.29
21-4-22 18:00;4430.23;4431.18;4402.38;4405.26
21-4-22 19:00;4405.28;4408.27;4384.47;4395.04
21-4-22 20:00;4393.26;4393.8;4393.26;4393.66
22-4-22 13:00;4385.83;4385.83;4351.84;4355.15
22-4-22 14:00;4355.44;4371.75;4335.16;4336.03
22-4-22 15:00;4336.11;4346.9;4316.2;4316.52
22-4-22 16:00;4316.5;4330.67;4311.6;4316.47
22-4-22 17:00;4316.44;4318.87;4300.45;4300.45
22-4-22 18:00;4300.37;4311.68;4281.01;4286.4
22-4-22 19:00;4286.51;4315.69;4267.62;4272.28
22-4-22 20:00;4271.84;4272.16;4271.78;4271.78
25-4-22 13:00;4255.34;4255.34;4214.72;4214.72
25-4-22 14:00;4214.47;4255.92;4212.35;4219.16
25-4-22 15:00;4219.2;4233.48;4200.82;4210.13
25-4-22 16:00;4209.89;4244.02;4204.4;4232.7
25-4-22 17:00;4232.79;4249.03;4223.01;4236.65
25-4-22 18:00;4236.71;4279.51;4230.44;4267.62
25-4-22 19:00;4267.56;4299.02;4251.75;4297.32
25-4-22 20:00;4296.88;4296.88;4296.12;4296.12
26-4-22 13:00;4278.14;4278.14;4247.42;4250.6
26-4-22 14:00;4251.13;4258.04;4217.71;4223.29
26-4-22 15:00;4223.19;4227.04;4206.79;4206.91
26-4-22 16:00;4206.86;4234.63;4206.86;4233.5
26-4-22 17:00;4233.61;4233.88;4200.37;4205.94
26-4-22 18:00;4206.09;4221.05;4202.39;4220.1
26-4-22 19:00;4219.79;4223.25;4175.7;4175.7
26-4-22 20:00;4175.04;4175.4;4175.04;4175.2
27-4-22 13:00;4186.52;4231.89;4184.42;4220.4
27-4-22 14:00;4219.84;4229.16;4162.9;4193.07
27-4-22 15:00;4192.96;4221.38;4190.18;4208.9
27-4-22 16:00;4208.98;4240.71;4200.8;4232.49
27-4-22 17:00;4232.7;4234.9;4210;4231.36
27-4-22 18:00;4231.52;4231.52;4195.95;4199.06
27-4-22 19:00;4198.36;4201.25;4178.11;4183.21
27-4-22 20:00;4183.76;4183.96;4183.76;4183.96
28-4-22 13:00;4222.58;4242.33;4208.51;4216.7
28-4-22 14:00;4217.07;4217.93;4188.63;4205.1
28-4-22 15:00;4205.15;4225.45;4203.72;4217.55
28-4-22 16:00;4217.37;4269.73;4212.82;4268.1
28-4-22 17:00;4267.98;4288.12;4265.17;4283.99
28-4-22 18:00;4284.02;4303.88;4279.79;4299.01
28-4-22 19:00;4298.85;4308.45;4275.82;4289.99
28-4-22 20:00;4290.03;4290.03;4287.5;4287.5
29-4-22 13:00;4253.75;4269.68;4238.51;4267.85
29-4-22 14:00;4268.42;4269.48;4211.05;4218.79
29-4-22 15:00;4218.7;4232;4208.27;4216.75
29-4-22 16:00;4216.63;4217.03;4184.21;4188.52
29-4-22 17:00;4188.49;4208.43;4187.26;4188.43
29-4-22 18:00;4188.38;4191.4;4159.91;4168.64
29-4-22 19:00;4168.62;4168.62;4124.28;4132.17
29-4-22 20:00;4131.99;4131.99;4131.72;4131.93
2-5-22 13:00;4130.61;4144.28;4105.06;4138.51
2-5-22 14:00;4136.76;4169.81;4116.16;4135.77
2-5-22 15:00;4136.1;4136.94;4110.77;4128.39
2-5-22 16:00;4128.51;4136.31;4099.18;4101.23
2-5-22 17:00;4101.34;4111.4;4081.2;4087.89
2-5-22 18:00;4087.95;4098.59;4062.51;4075.66
2-5-22 19:00;4075.88;4157.3;4075.48;4155.52
2-5-22 20:00;4155.81;4156.12;4155.38;4155.38
3-5-22 13:00;4159.78;4167.82;4147.08;4164.72
3-5-22 14:00;4166;4177.44;4150.14;4164.14
3-5-22 15:00;4163.94;4200.1;4159.35;4190.34
3-5-22 16:00;4190.29;4198.41;4171.98;4181.03
3-5-22 17:00;4181.11;4197.81;4180.99;4187.13
3-5-22 18:00;4187.1;4187.1;4153.55;4184.81
3-5-22 19:00;4184.78;4190.67;4160.16;4174.55
3-5-22 20:00;4175.42;4175.5;4175.22;4175.48
4-5-22 13:00;4181.18;4185.34;4171.68;4171.86
4-5-22 14:00;4171.78;4172.67;4154.14;4161.56
4-5-22 15:00;4161.63;4168.3;4148.91;4163.78
4-5-22 16:00;4163.73;4192.09;4161.3;4192.09
4-5-22 17:00;4192.07;4199.75;4181.43;4193.34
4-5-22 18:00;4193.36;4254.05;4153.46;4248.02
4-5-22 19:00;4249.18;4307.66;4244.29;4299.77
4-5-22 20:00;4301.09;4301.09;4300.17;4300.17
5-5-22 13:00;4270.43;4270.43;4223.28;4227.72
5-5-22 14:00;4227.62;4227.62;4164.26;4178.37
5-5-22 15:00;4178.42;4181.76;4134.83;4135.71
5-5-22 16:00;4135.17;4159.32;4121.85;4155.05
5-5-22 17:00;4155.19;4174.06;4140.29;4146.08
5-5-22 18:00;4145.68;4161.57;4127.72;4138.99
5-5-22 19:00;4139.02;4152.72;4106.01;4150.2
5-5-22 20:00;4149.85;4149.85;4146.87;4146.87
6-5-22 13:00;4128.17;4128.17;4067.91;4074.06
6-5-22 14:00;4073.9;4143.92;4068.92;4138.72
6-5-22 15:00;4138.47;4157.69;4106.35;4109.52
6-5-22 16:00;4109.53;4149.34;4106.5;4147.67
6-5-22 17:00;4147.74;4152.31;4108.97;4111.36
6-5-22 18:00;4111.4;4116.58;4089.93;4100.37
6-5-22 19:00;4100.18;4138.86;4084.55;4124.26
6-5-22 20:00;4123.8;4123.8;4123.34;4123.34
9-5-22 13:00;4081.27;4081.27;4043.32;4059.05
9-5-22 14:00;4060.02;4062.61;4018.83;4018.9
9-5-22 15:00;4018.83;4034.14;4003.17;4028.32
9-5-22 16:00;4028.33;4050.21;4016.53;4017.01
9-5-22 17:00;4016.86;4028.16;4004.35;4014.94
9-5-22 18:00;4014.92;4024.52;4001.05;4021.12
9-5-22 19:00;4021.38;4034.3;3975.48;3993.26
9-5-22 20:00;3991.87;3991.87;3991.15;3991.24
10-5-22 13:00;4035.18;4068.82;4027.69;4050.63
10-5-22 14:00;4050.61;4059.68;3993.05;3999.49
10-5-22 15:00;3999.26;4005.45;3967.94;3982.29
10-5-22 16:00;3982.47;3993.36;3958.17;3968.25
10-5-22 17:00;3968.18;4040.18;3965.63;4040.18
10-5-22 18:00;4040.25;4041.03;4009.42;4022.01
10-5-22 19:00;4022.15;4036.64;3991.19;4000.99
10-5-22 20:00;4000.59;4001.1;4000.59;4001.05
11-5-22 13:00;3990.08;4040.46;3973.34;4030.78
11-5-22 14:00;4031.89;4049.09;4006.91;4024.88
11-5-22 15:00;4024.07;4046.37;4006.08;4022.93
11-5-22 16:00;4022.9;4025.46;3977.87;3979.94
11-5-22 17:00;3979.38;3979.38;3942.21;3943.97
11-5-22 18:00;3943.96;3990.24;3943.85;3962.81
11-5-22 19:00;3962.09;3965.58;3928.82;3935.66
11-5-22 20:00;3936.03;3936.03;3935.13;3935.18
12-5-22 13:00;3903.95;3918.41;3877.04;3892.46
12-5-22 14:00;3892.65;3949.93;3881.53;3948.23
12-5-22 15:00;3947.95;3964.8;3894.29;3894.66
12-5-22 16:00;3894.39;3930.16;3888.76;3911.6
12-5-22 17:00;3911.98;3917.1;3871.39;3877.2
12-5-22 18:00;3877.36;3885.66;3858.87;3864.57
12-5-22 19:00;3864.68;3932.03;3861.96;3931.65
12-5-22 20:00;3930.97;3930.97;3930.08;3930.08
13-5-22 13:00;3963.9;3997.67;3963.9;3993.95
13-5-22 14:00;3994.28;4022.02;3993.54;4016.95
13-5-22 15:00;4017.02;4024.66;4010.8;4022.12
13-5-22 16:00;4023.27;4038.88;4014.93;4024.87
13-5-22 17:00;4024.94;4029.1;3999.63;4001.55
13-5-22 18:00;4001.46;4012.64;3979.74;4012.49
13-5-22 19:00;4012.55;4032.7;4006.54;4023.56
13-5-22 20:00;4024.19;4024.19;4023.85;4023.89
16-5-22 13:00;4013.02;4019.06;3983.99;3993.98
16-5-22 14:00;3994.61;4024.17;3984.14;3992.79
16-5-22 15:00;3992.66;4023.93;3987.82;4021.39
16-5-22 16:00;4021.83;4027.36;4002.13;4005.39
16-5-22 17:00;4005.29;4034.34;4001.71;4027.69
16-5-22 18:00;4027.65;4046.46;4023.28;4036.76
16-5-22 19:00;4036.94;4040.33;4000.6;4009.25
16-5-22 20:00;4009.15;4009.15;4008.01;4008.01
17-5-22 13:00;4052;4070.99;4051.97;4058.37
17-5-22 14:00;4058.78;4068.09;4033.93;4045.04
17-5-22 15:00;4045.09;4067.28;4044.06;4062.32
17-5-22 16:00;4062.31;4075.8;4054.2;4069.68
17-5-22 17:00;4069.71;4078.25;4062.8;4070.08
17-5-22 18:00;4070.24;4084.39;4043.04;4078.28
17-5-22 19:00;4078.3;4090.72;4075.55;4089.22
17-5-22 20:00;4089.55;4089.55;4088.85;4088.85
18-5-22 13:00;4051.98;4051.98;4015.51;4016.33
18-5-22 14:00;4017.44;4026.75;4005.77;4013.69
18-5-22 15:00;4013.73;4013.73;3969.7;3971.28
18-5-22 16:00;3971.19;3977.12;3958.84;3976.74
18-5-22 17:00;3976.69;3976.69;3930.84;3935.24
18-5-22 18:00;3935.31;3943.85;3921.26;3923.56
18-5-22 19:00;3922.8;3932.81;3911.91;3925.31
18-5-22 20:00;3925.18;3925.18;3923.68;3923.68
19-5-22 13:00;3899;3921.89;3876.58;3889.06
19-5-22 14:00;3891.78;3923.9;3884.7;3896.83
19-5-22 15:00;3897.14;3938.12;3889.15;3924.51
19-5-22 16:00;3924.37;3935.08;3894.31;3904.6
19-5-22 17:00;3904.63;3926.71;3889.65;3922.69
19-5-22 18:00;3922.87;3936.25;3906.72;3933.03
19-5-22 19:00;3933.14;3945.96;3896.27;3900.14
19-5-22 20:00;3900.45;3900.79;3900.45;3900.79
20-5-22 13:00;3927.76;3943.42;3923.68;3933.8
20-5-22 14:00;3933.41;3937.32;3880.67;3880.77
20-5-22 15:00;3881.01;3884.02;3860.09;3867.24
20-5-22 16:00;3867.16;3868.29;3823.92;3834.28
20-5-22 17:00;3834.35;3844.76;3810.32;3839.36
20-5-22 18:00;3839.32;3852.38;3819.58;3840.79
20-5-22 19:00;3840.65;3903.89;3829.03;3901.55
20-5-22 20:00;3901.51;3901.51;3901.35;3901.36
23-5-22 13:00;3919.42;3948.9;3916.46;3927.32
23-5-22 14:00;3927.55;3954.52;3909.04;3944.28
23-5-22 15:00;3944.34;3974.79;3941.09;3969.91
23-5-22 16:00;3969.93;3981.16;3958.22;3964.58
23-5-22 17:00;3964.52;3972.6;3946.11;3971.55
23-5-22 18:00;3971.84;3981.88;3966.64;3967.86
23-5-22 19:00;3967.83;3977.26;3954.98;3972.82
23-5-22 20:00;3974.23;3974.23;3973.75;3973.75
24-5-22 13:00;3942.94;3942.94;3912.05;3912.15
24-5-22 14:00;3912.49;3913.14;3875.13;3885.1
24-5-22 15:00;3885.15;3914.56;3878.65;3908.28
24-5-22 16:00;3908.16;3930.3;3897.13;3906.82
24-5-22 17:00;3906.93;3924.27;3892.83;3919.65
24-5-22 18:00;3919.72;3936.42;3905.47;3913.13
24-5-22 19:00;3913.12;3955.68;3912.06;3943.8
24-5-22 20:00;3943.2;3943.2;3941.48;3941.48
25-5-22 13:00;3929.59;3957.28;3925.03;3948.82
25-5-22 14:00;3948.66;3979.06;3940.31;3969.02
25-5-22 15:00;3969;3969.17;3947.28;3956.8
25-5-22 16:00;3956.79;3961.34;3937.02;3949.6
25-5-22 17:00;3949.56;3956.38;3938.51;3950.77
25-5-22 18:00;3950.63;3983.31;3932.32;3981.49
25-5-22 19:00;3981.55;3999.33;3970.01;3978.5
25-5-22 20:00;3980.03;3980.03;3978.73;3978.73
26-5-22 13:00;3984.6;4032.16;3984.6;4030.19
26-5-22 14:00;4030.15;4044.93;4029.62;4044.68
26-5-22 15:00;4044.76;4053.52;4042.22;4049.1
26-5-22 16:00;4049.08;4068.38;4047.3;4068.24
26-5-22 17:00;4068.21;4074.8;4060.25;4067.56
26-5-22 18:00;4067.55;4070.77;4059.29;4065.15
26-5-22 19:00;4065.13;4075.14;4050.9;4057.15
26-5-22 20:00;4057.62;4057.98;4057.62;4057.84
27-5-22 13:00;4077.43;4119.82;4077.43;4115.44
27-5-22 14:00;4115.38;4127.09;4112.31;4113.77
27-5-22 15:00;4113.99;4130.6;4110.12;4129.72
27-5-22 16:00;4129.71;4133.15;4122.94;4129.01
27-5-22 17:00;4128.99;4132.33;4124.19;4127.3
27-5-22 18:00;4127.32;4136.28;4124.63;4135.84
27-5-22 19:00;4135.85;4158.34;4135.05;4158.34
27-5-22 20:00;4158.49;4158.49;4158.2;4158.24
31-5-22 13:00;4151.09;4151.09;4106.67;4116.76
31-5-22 14:00;4116.25;4138.53;4104.88;4133.97
31-5-22 15:00;4134.04;4152.25;4117.45;4149.98
31-5-22 16:00;4149.96;4161.45;4139.75;4155.93
31-5-22 17:00;4155.85;4167.02;4140.89;4166.97
31-5-22 18:00;4166.62;4168.34;4127.46;4134.91
31-5-22 19:00;4134.84;4156.89;4125.61;4133.72
31-5-22 20:00;4132.29;4132.9;4132.14;4132.15
1-6-22 13:00;4149.78;4166.54;4144.59;4152.96
1-6-22 14:00;4152.87;4155.17;4095.36;4111.98
1-6-22 15:00;4112.01;4112.01;4078.38;4080.35
1-6-22 16:00;4080.34;4088.61;4073.85;4083.34
1-6-22 17:00;4083.44;4107.65;4082.35;4102.88
1-6-22 18:00;4102.86;4126.51;4101.88;4115.64
1-6-22 19:00;4115.61;4128.54;4099.82;4101
1-6-22 20:00;4100.7;4101.23;4100.7;4101.23
2-6-22 13:00;4095.41;4097.86;4077.05;4085.65
2-6-22 14:00;4085.58;4108;4074.37;4101.06
2-6-22 15:00;4101.08;4136.57;4099.81;4126.2
2-6-22 16:00;4126.26;4149.81;4124.48;4146.41
2-6-22 17:00;4146.43;4155.72;4140.54;4153.88
2-6-22 18:00;4153.91;4161.41;4150.24;4150.57
2-6-22 19:00;4150.59;4177.51;4149.85;4176.82
2-6-22 20:00;4176.92;4176.96;4176.81;4176.82
3-6-22 13:00;4137.57;4140.82;4117.56;4134.22
3-6-22 14:00;4134.11;4142.67;4110.72;4115.99
3-6-22 15:00;4115.86;4115.95;4098.67;4107.1
3-6-22 16:00;4107.15;4124.59;4101.41;4124.26
3-6-22 17:00;4124.25;4134.75;4107.54;4110.5
3-6-22 18:00;4110.48;4123.54;4106.78;4118.31
3-6-22 19:00;4118.33;4120.18;4101.51;4108.23
3-6-22 20:00;4108.4;4108.54;4108.4;4108.54
6-6-22 13:00;4134.72;4157.22;4134.72;4153.85
6-6-22 14:00;4154.06;4168.78;4153.76;4164.21
6-6-22 15:00;4164.11;4167.27;4131.33;4140.93
6-6-22 16:00;4140.8;4140.8;4111.76;4126.8
6-6-22 17:00;4126.86;4141.35;4117.08;4141.35
6-6-22 18:00;4141.28;4141.5;4112.56;4121.61
6-6-22 19:00;4121.67;4126.62;4109.18;4120.92
6-6-22 20:00;4121.26;4121.43;4121.16;4121.43
7-6-22 13:00;4096.47;4107.83;4080.19;4100.21
7-6-22 14:00;4100.53;4139.14;4093.53;4133.33
7-6-22 15:00;4133.31;4136.06;4112.04;4120.44
7-6-22 16:00;4120.42;4128.87;4110.22;4127.67
7-6-22 17:00;4127.66;4138.08;4125.48;4133.85
7-6-22 18:00;4134.01;4151.33;4132.52;4143.67
7-6-22 19:00;4143.72;4164.86;4143.02;4159.68
7-6-22 20:00;4160.15;4160.68;4160.15;4160.68
8-6-22 13:00;4147.12;4160.14;4130.95;4156.44
8-6-22 14:00;4156.59;4157.37;4136.49;4143.36
8-6-22 15:00;4144.23;4159.14;4140.18;4150.99
8-6-22 16:00;4150.89;4156.02;4119.05;4129.68
8-6-22 17:00;4129.64;4129.64;4109.47;4118.2
8-6-22 18:00;4117.89;4122.48;4107.58;4115.19
8-6-22 19:00;4115.18;4127.12;4107.2;4115.77
8-6-22 20:00;4115.98;4115.98;4115.72;4115.77
9-6-22 13:00;4101.65;4118.78;4087.74;4118.78
9-6-22 14:00;4119.1;4119.1;4089.42;4096.46
9-6-22 15:00;4096.2;4104.95;4083.92;4096.8
9-6-22 16:00;4096.71;4106.54;4085.98;4105.24
9-6-22 17:00;4105.32;4110.81;4085.39;4096.13
9-6-22 18:00;4096.14;4096.2;4069.03;4069.1
9-6-22 19:00;4069.04;4069.04;4017.17;4017.68
9-6-22 20:00;4017.26;4017.82;4017.26;4017.82
10-6-22 13:00;3974.39;3974.39;3931.56;3935.06
10-6-22 14:00;3935.36;3935.36;3903.96;3910.66
10-6-22 15:00;3910.44;3917.2;3900.6;3912.21
10-6-22 16:00;3912;3919.73;3902.43;3907.2
10-6-22 17:00;3907.24;3929.36;3901.49;3917.91
10-6-22 18:00;3917.9;3935.79;3910.87;3933.62
10-6-22 19:00;3933.26;3943.18;3900.16;3900.16
10-6-22 20:00;3900.37;3900.87;3900.37;3900.86
13-6-22 13:00;3838.15;3838.15;3792.82;3797.9
13-6-22 14:00;3798.11;3807.25;3756;3762.67
13-6-22 15:00;3762.6;3792.85;3750.76;3783.98
13-6-22 16:00;3783.99;3813.44;3780.2;3782.7
13-6-22 17:00;3782.74;3800.25;3770.76;3794.93
13-6-22 18:00;3794.85;3794.97;3768.62;3771.41
13-6-22 19:00;3770.88;3780.21;3734.3;3750.95
13-6-22 20:00;3750.34;3750.34;3749.61;3749.63
14-6-22 13:00;3763.52;3775.17;3745.22;3774.51
14-6-22 14:00;3774.34;3778.18;3731.13;3752.12
14-6-22 15:00;3751.54;3758.29;3731.56;3749.86
14-6-22 16:00;3749.5;3749.57;3726.88;3739.34
14-6-22 17:00;3739.18;3763.31;3726.87;3731.4
14-6-22 18:00;3731.34;3743.14;3719.97;3721.61
14-6-22 19:00;3721.5;3749.21;3705.68;3736.02
14-6-22 20:00;3736.97;3736.97;3735.48;3735.48
15-6-22 13:00;3764.05;3791.08;3764.05;3785.12
15-6-22 14:00;3786.05;3794.73;3764.2;3771.87
15-6-22 15:00;3771.54;3774.23;3760.58;3773.73
15-6-22 16:00;3773.72;3782.13;3760.16;3761.33
15-6-22 17:00;3761.22;3784.09;3760.83;3780.51
15-6-22 18:00;3780.57;3824.82;3722.3;3780.65
15-6-22 19:00;3780.98;3837.56;3779.54;3788.97
15-6-22 20:00;3790.26;3790.26;3789.89;3789.99
16-6-22 13:00;3728.18;3728.18;3680.01;3687.83
16-6-22 14:00;3687.75;3689.91;3657.04;3659.33
16-6-22 15:00;3659.42;3685.73;3658.8;3676.24
16-6-22 16:00;3676.54;3678.76;3661.61;3673.71
16-6-22 17:00;3674.51;3687.33;3657.45;3658.07
16-6-22 18:00;3657.57;3661.58;3639.77;3646.32
16-6-22 19:00;3646.35;3672.58;3645.46;3668.66
16-6-22 20:00;3668.46;3668.46;3666.77;3666.77
17-6-22 13:00;3665.9;3707.71;3665.9;3698.69
17-6-22 14:00;3698.72;3700;3636.87;3650.51
17-6-22 15:00;3650.13;3686.4;3642.93;3663.79
17-6-22 16:00;3663.38;3676.2;3655.43;3671.61
17-6-22 17:00;3671.62;3701.72;3669.69;3686.62
17-6-22 18:00;3686.75;3704.22;3685.24;3688.97
17-6-22 19:00;3689.4;3696.38;3671.75;3673.63
17-6-22 20:00;3673.6;3674.84;3673.6;3674.84
21-6-22 13:00;3715.31;3764.12;3715.31;3763.78
21-6-22 14:00;3764.61;3777.27;3759.35;3776.02
21-6-22 15:00;3775.87;3777.15;3757.28;3757.28
21-6-22 16:00;3757.17;3770.6;3754.6;3770.43
21-6-22 17:00;3770.5;3773.91;3762.48;3763.24
21-6-22 18:00;3763.26;3775.93;3760.39;3775.67
21-6-22 19:00;3775.6;3779.65;3761.73;3764.89
21-6-22 20:00;3765.09;3765.1;3764.78;3764.79
22-6-22 13:00;3733.89;3759.58;3717.69;3750.7
22-6-22 14:00;3750.77;3793.94;3743.42;3782.44
22-6-22 15:00;3782.41;3790.8;3760.69;3760.99
22-6-22 16:00;3761.03;3779.28;3756.58;3779.01
22-6-22 17:00;3778.87;3788.83;3770.32;3785.42
22-6-22 18:00;3785.4;3801.79;3779.97;3786.75
22-6-22 19:00;3786.9;3789.9;3758.14;3758.14
22-6-22 20:00;3758.65;3759.89;3758.65;3759.89
23-6-22 13:00;3774.71;3786.68;3763.4;3784.93
23-6-22 14:00;3784.78;3794.86;3768.38;3792.49
23-6-22 15:00;3792.48;3795.89;3765.9;3766.3
23-6-22 16:00;3766.47;3768.1;3746.15;3749.83
23-6-22 17:00;3749.86;3763.73;3743.52;3762.83
23-6-22 18:00;3762.8;3778.98;3760.23;3775.57
23-6-22 19:00;3775.68;3802.58;3771.97;3795.96
23-6-22 20:00;3795.79;3795.79;3795.71;3795.73
24-6-22 13:00;3821.75;3855.41;3821.75;3852.1
24-6-22 14:00;3852.22;3886.3;3852.22;3880.39
24-6-22 15:00;3880.25;3886.51;3875.07;3884.89
24-6-22 16:00;3884.84;3888.99;3880.6;3887.04
24-6-22 17:00;3887;3890.76;3883.35;3884.19
24-6-22 18:00;3884.16;3893.57;3882.76;3893.27
24-6-22 19:00;3893.19;3912.71;3891.09;3912.21
24-6-22 20:00;3913.65;3913.65;3911.74;3911.74
27-6-22 13:00;3920.76;3927.72;3890.53;3895.43
27-6-22 14:00;3895.39;3922.83;3894.79;3918.37
27-6-22 15:00;3918.61;3925.75;3909.16;3921.04
27-6-22 16:00;3921.03;3922.17;3900.96;3912.31
27-6-22 17:00;3912.37;3913.29;3895.95;3898.97
27-6-22 18:00;3898.96;3907.86;3895.02;3900.89
27-6-22 19:00;3900.79;3906.35;3889.66;3900.55
27-6-22 20:00;3900.97;3900.97;3900.11;3900.11
28-6-22 13:00;3913;3945.86;3913;3934.15
28-6-22 14:00;3934;3937.14;3892.57;3902.29
28-6-22 15:00;3901.91;3903.91;3854.02;3855.79
28-6-22 16:00;3855.7;3867.3;3848.55;3859.78
28-6-22 17:00;3859.76;3859.76;3840.26;3845.06
28-6-22 18:00;3845.11;3851.32;3821.81;3829.69
28-6-22 19:00;3829.74;3833.34;3820.14;3821.8
28-6-22 20:00;3821.94;3821.94;3821.54;3821.55
29-6-22 13:00;3825.09;3831.61;3799.02;3824.75
29-6-22 14:00;3824.91;3836.5;3811.44;3822.85
29-6-22 15:00;3822.82;3825.07;3806.17;3819.32
29-6-22 16:00;3819.24;3820.32;3799.13;3810.34
29-6-22 17:00;3810.27;3822.82;3802.2;3822.01
29-6-22 18:00;3822.03;3830.49;3811.39;3814.71
29-6-22 19:00;3814.74;3828.71;3809.81;3818.58
29-6-22 20:00;3818.39;3818.83;3818.39;3818.83
30-6-22 13:00;3785.99;3785.99;3744.33;3746.52
30-6-22 14:00;3746.44;3771.99;3738.67;3770.95
30-6-22 15:00;3771.02;3797.4;3762.34;3796.89
30-6-22 16:00;3796.97;3818.99;3783.1;3809.19
30-6-22 17:00;3809.17;3817.56;3791.28;3811.83
30-6-22 18:00;3812.33;3813.85;3781.67;3785.87
30-6-22 19:00;3785.13;3799.73;3765.18;3789.1
30-6-22 20:00;3788.98;3788.98;3785.38;3785.38
1-7-22 13:00;3781;3809.93;3771.47;3800.64
1-7-22 14:00;3800.73;3811.48;3752.1;3767.43
1-7-22 15:00;3767.45;3787.86;3760.61;3767.72
1-7-22 16:00;3767.62;3784.17;3762.85;3770.95
1-7-22 17:00;3770.66;3796.33;3768.64;3795.13
1-7-22 18:00;3795.29;3814.75;3786.95;3812.3
1-7-22 19:00;3812.58;3829.82;3803.44;3825.03
1-7-22 20:00;3825.39;3825.4;3825.33;3825.33
5-7-22 13:00;3792.61;3792.61;3746.09;3751.75
5-7-22 14:00;3751.43;3774.55;3742.06;3753.5
5-7-22 15:00;3753.6;3769.86;3743.64;3765.33
5-7-22 16:00;3765.38;3783.5;3762;3767.06
5-7-22 17:00;3767.05;3792.89;3766.63;3787.46
5-7-22 18:00;3787.48;3817.2;3785.78;3812.04
5-7-22 19:00;3812.01;3831.8;3806.29;3831.7
5-7-22 20:00;3832.19;3832.19;3831.39;3831.39
6-7-22 13:00;3831.98;3848.9;3822;3833.49
6-7-22 14:00;3833.28;3846.29;3820.29;3828.3
6-7-22 15:00;3828.42;3829.11;3809.37;3819.46
6-7-22 16:00;3819.51;3822.69;3812.86;3821.86
6-7-22 17:00;3821.98;3833.25;3821.96;3831.73
6-7-22 18:00;3831.76;3862.66;3820.4;3857.65
6-7-22 19:00;3857.67;3870.91;3837.97;3844.89
6-7-22 20:00;3845.47;3845.47;3845.08;3845.08
7-7-22 13:00;3858.85;3888.58;3858.85;3886.27
7-7-22 14:00;3886.66;3890.5;3873.13;3886.25
7-7-22 15:00;3886.21;3892.79;3882.91;3891.21
7-7-22 16:00;3891.33;3896.47;3889.57;3893.34
7-7-22 17:00;3893.32;3897.45;3886.61;3896.88
7-7-22 18:00;3896.91;3902.34;3896.07;3901.31
7-7-22 19:00;3901.32;3910.63;3898.76;3901.37
7-7-22 20:00;3902.11;3902.62;3901.64;3902.62
8-7-22 13:00;3888.26;3897.2;3871.16;3874.9
8-7-22 14:00;3874.98;3910.47;3869.34;3907.12
8-7-22 15:00;3907.11;3918.5;3903.52;3911.49
8-7-22 16:00;3911.46;3911.81;3883.38;3883.84
8-7-22 17:00;3883.83;3902.58;3879.33;3897.04
8-7-22 18:00;3896.99;3914.33;3894.02;3912.21
8-7-22 19:00;3912.24;3915.31;3897.04;3899.18
8-7-22 20:00;3899.3;3899.41;3899.3;3899.38
11-7-22 13:00;3880.94;3880.94;3849.18;3858.55
11-7-22 14:00;3857.4;3866.64;3848.8;3853.72
11-7-22 15:00;3853.62;3864.96;3853;3857.67
11-7-22 16:00;3857.74;3864.1;3854.95;3862.21
11-7-22 17:00;3862.2;3880.05;3861.33;3876.54
11-7-22 18:00;3876.64;3876.86;3858.73;3858.73
11-7-22 19:00;3858.58;3859.43;3847.22;3854.79
11-7-22 20:00;3854.87;3854.87;3854.43;3854.43
12-7-22 13:00;3851.95;3873.41;3848.77;3849.41
12-7-22 14:00;3849.45;3853.77;3837.87;3852.23
12-7-22 15:00;3852.18;3864.72;3847.45;3855.11
12-7-22 16:00;3855.1;3863.79;3851.44;3860.32
12-7-22 17:00;3860.31;3865.09;3848.81;3855.87
12-7-22 18:00;3855.9;3856.62;3836.77;3836.79
12-7-22 19:00;3836.8;3836.8;3802.36;3820.09
12-7-22 20:00;3819.59;3819.73;3818.78;3818.8
13-7-22 13:00;3779.67;3792.19;3759.07;3787.5
13-7-22 14:00;3787.78;3813.17;3763.18;3807.35
13-7-22 15:00;3807.53;3820.03;3792.23;3799.88
13-7-22 16:00;3799.78;3819.85;3798.17;3819.83
13-7-22 17:00;3819.82;3829.44;3811.54;3820.36
13-7-22 18:00;3820.38;3824.85;3797.91;3824.71
13-7-22 19:00;3825.13;3825.6;3801.03;3801.1
13-7-22 20:00;3800.9;3801.78;3800.9;3801.78
14-7-22 13:00;3763.99;3763.99;3728.75;3735.4
14-7-22 14:00;3735.16;3741;3721.56;3733.54
14-7-22 15:00;3734.03;3770.07;3734.03;3767.71
14-7-22 16:00;3767.77;3769.9;3743.1;3750.62
14-7-22 17:00;3750.65;3768.81;3744.01;3767.58
14-7-22 18:00;3767.52;3794.52;3766.71;3789.21
14-7-22 19:00;3789.39;3796.41;3782.43;3790.23
14-7-22 20:00;3790.31;3790.4;3790.15;3790.38
15-7-22 13:00;3818;3843.02;3817.18;3826.81
15-7-22 14:00;3824.63;3854.57;3824.63;3848.94
15-7-22 15:00;3848.87;3859.9;3847.82;3852.13
15-7-22 16:00;3851.96;3854.41;3844.49;3849.42
15-7-22 17:00;3849.41;3859.27;3849.41;3853.87
15-7-22 18:00;3853.82;3859.27;3849.23;3855.09
15-7-22 19:00;3855.11;3863.62;3847.81;3861.56
15-7-22 20:00;3862.64;3863.17;3862.54;3863.16
18-7-22 13:00;3883.79;3902.44;3883.79;3895.79
18-7-22 14:00;3894.48;3898.15;3884.22;3891.28
18-7-22 15:00;3891.22;3896.43;3885.24;3895.69
18-7-22 16:00;3895.67;3895.81;3882.49;3883.3
18-7-22 17:00;3883.33;3884.99;3854.83;3856.63
18-7-22 18:00;3856.61;3862.52;3841.45;3842.75
18-7-22 19:00;3842.6;3850.9;3818.63;3829.89
18-7-22 20:00;3830.93;3830.93;3830.64;3830.85
19-7-22 13:00;3860.73;3879.92;3860.73;3879.89
19-7-22 14:00;3880.03;3901.01;3874.25;3899.08
19-7-22 15:00;3899.15;3910.53;3898.93;3908.51
19-7-22 16:00;3908.49;3916.63;3899.92;3916.63
19-7-22 17:00;3916.61;3927.58;3909.64;3927.31
19-7-22 18:00;3927.36;3934.82;3922.52;3928.59
19-7-22 19:00;3928.74;3939.81;3925.49;3934.57
19-7-22 20:00;3935.35;3936.69;3935.35;3936.69
20-7-22 13:00;3935.32;3940.35;3925.19;3926.07
20-7-22 14:00;3926.22;3970.53;3922.03;3970.53
20-7-22 15:00;3970.79;3970.87;3958.44;3969.45
20-7-22 16:00;3969.44;3974.13;3946.07;3958.89
20-7-22 17:00;3958.82;3959.01;3936.41;3937.09
20-7-22 18:00;3937.04;3960.24;3936.86;3956.86
20-7-22 19:00;3956.85;3969.56;3955.53;3959.41
20-7-22 20:00;3959.58;3959.96;3959.58;3959.9
21-7-22 13:00;3955.47;3965.55;3939.12;3961.88
21-7-22 14:00;3959.77;3968.22;3927.64;3955.22
21-7-22 15:00;3955.28;3970.23;3950.93;3966.58
21-7-22 16:00;3966.36;3987.43;3965.51;3984.27
21-7-22 17:00;3984.29;3986.86;3968.47;3975.78
21-7-22 18:00;3975.79;3984.86;3974.3;3980.84
21-7-22 19:00;3980.85;3998.85;3980.53;3998.85
21-7-22 20:00;3999.29;3999.29;3998.95;3998.95
22-7-22 13:00;3998.43;4012.44;3991.17;3991.17
22-7-22 14:00;3991.11;4002.86;3984.01;3998.55
22-7-22 15:00;3998.45;3999.24;3964.9;3973.81
22-7-22 16:00;3973.74;3976.72;3961.21;3963.77
22-7-22 17:00;3963.78;3963.82;3944.31;3951.02
22-7-22 18:00;3951.08;3951.72;3938.86;3948.46
22-7-22 19:00;3948.43;3962.68;3945.52;3962.24
22-7-22 20:00;3962.51;3962.51;3961.63;3961.63
25-7-22 13:00;3965.72;3971.58;3951.94;3966.83
25-7-22 14:00;3966.91;3969.73;3949.92;3963.48
25-7-22 15:00;3963.45;3973.62;3954.28;3970.12
25-7-22 16:00;3970.1;3975.3;3958.98;3969.4
25-7-22 17:00;3969.39;3973.69;3956.45;3956.47
25-7-22 18:00;3956.39;3958.03;3948.05;3948.31
25-7-22 19:00;3948.84;3968.57;3943.46;3966.2
25-7-22 20:00;3966.8;3966.85;3966.66;3966.84
26-7-22 13:00;3953.22;3953.22;3936.71;3943.99
26-7-22 14:00;3943.84;3947.56;3932.5;3939.65
26-7-22 15:00;3939.49;3941.46;3916.51;3917.04
26-7-22 16:00;3917.01;3928.46;3915.46;3927.34
26-7-22 17:00;3927.29;3934.32;3923.84;3923.88
26-7-22 18:00;3923.79;3934.09;3913.5;3918.11
26-7-22 19:00;3918.15;3926.14;3910.74;3920.32
26-7-22 20:00;3920.46;3921.05;3920.46;3921.05
27-7-22 13:00;3951.43;3967.85;3951.43;3965.3
27-7-22 14:00;3965.17;3972.96;3961.83;3972.77
27-7-22 15:00;3972.94;3979.85;3969.84;3978.34
27-7-22 16:00;3978.37;3982.17;3971.85;3972.17
27-7-22 17:00;3972.15;3976.82;3968.62;3974.46
27-7-22 18:00;3974.38;4018.65;3967.15;4009.51
27-7-22 19:00;4009.54;4039.56;4007.32;4021.59
27-7-22 20:00;4022.24;4023.61;4022.24;4023.61
28-7-22 13:00;4026.13;4038.47;3995.04;4004.66
28-7-22 14:00;4004.76;4026.97;3992.97;4026.83
28-7-22 15:00;4026.84;4055.94;4025.36;4048.13
28-7-22 16:00;4047.96;4055.12;4044.92;4052.2
28-7-22 17:00;4052.05;4075.2;4047.67;4073.25
28-7-22 18:00;4073.24;4074.12;4065.44;4073.53
28-7-22 19:00;4073.49;4078.95;4066.99;4071.32
28-7-22 20:00;4072.05;4072.44;4071.99;4072.43
29-7-22 13:00;4087.33;4105.12;4079.22;4102.69
29-7-22 14:00;4102.67;4120.67;4099.11;4105.33
29-7-22 15:00;4105.34;4108.63;4091.61;4106.54
29-7-22 16:00;4106.57;4118;4100.1;4116
29-7-22 17:00;4116.01;4122.8;4111.72;4119.58
29-7-22 18:00;4119.59;4131.04;4117.79;4129.38
29-7-22 19:00;4129.47;4140.15;4128.83;4130.48
29-7-22 20:00;4130.96;4130.96;4130.28;4130.29
1-8-22 13:00;4112.38;4128.85;4096.02;4123.31
1-8-22 14:00;4123.67;4144.88;4112.26;4141.8
1-8-22 15:00;4141.91;4144.95;4126.9;4138.85
1-8-22 16:00;4138.81;4139.62;4124.74;4129.42
1-8-22 17:00;4129.48;4129.57;4101.92;4111.17
1-8-22 18:00;4111.09;4127.58;4104.09;4125.07
1-8-22 19:00;4125.03;4129.3;4115.54;4118.53
1-8-22 20:00;4118.76;4118.76;4118.48;4118.63
2-8-22 13:00;4104.21;4108.15;4087.94;4096.93
2-8-22 14:00;4096.82;4124.79;4079.81;4115.78
2-8-22 15:00;4115.84;4121.34;4106.45;4117.6
2-8-22 16:00;4118.09;4140.47;4116.99;4137.27
2-8-22 17:00;4137.34;4137.37;4100.12;4105.66
2-8-22 18:00;4105.59;4118.43;4102.59;4106.34
2-8-22 19:00;4106.17;4110.36;4090.24;4091.33
2-8-22 20:00;4091.65;4091.65;4091.19;4091.19
3-8-22 13:00;4107.96;4127.36;4107.96;4125.95
3-8-22 14:00;4126.13;4135.33;4113.32;4126.41
3-8-22 15:00;4126.36;4145.3;4125.57;4144.56
3-8-22 16:00;4144.51;4157.11;4138.08;4154.32
3-8-22 17:00;4154.48;4159;4150.91;4157.2
3-8-22 18:00;4157.14;4162.97;4154.04;4159.36
3-8-22 19:00;4159.35;4167.66;4153.72;4154.87
3-8-22 20:00;4155.05;4155.17;4155.04;4155.17
4-8-22 13:00;4154.85;4160.67;4145.16;4155.31
4-8-22 14:00;4155.46;4161.29;4135.42;4150.49
4-8-22 15:00;4150.54;4154.64;4138.84;4153.45
4-8-22 16:00;4153.47;4156.88;4141.77;4142.92
4-8-22 17:00;4142.77;4157.18;4142.54;4152.55
4-8-22 18:00;4152.52;4155.67;4147.2;4153.45
4-8-22 19:00;4153.3;4160.63;4146.95;4152.09
4-8-22 20:00;4152.17;4152.17;4151.94;4151.94
5-8-22 13:00;4115.87;4132.6;4107.31;4131.1
5-8-22 14:00;4131.08;4151.58;4129.19;4140.46
5-8-22 15:00;4140.62;4140.82;4111.49;4116.89
5-8-22 16:00;4116.73;4135.54;4116.63;4135.11
5-8-22 17:00;4135.12;4144.41;4132.87;4135.54
5-8-22 18:00;4135.48;4136.32;4124.93;4129.81
5-8-22 19:00;4129.87;4146.8;4128.51;4144.66
5-8-22 20:00;4144.8;4145.19;4144.8;4145.19
8-8-22 13:00;4155.93;4186.46;4155.93;4182.22
8-8-22 14:00;4182.39;4186.62;4173.64;4175.65
8-8-22 15:00;4175.52;4181.07;4146.33;4159.13
8-8-22 16:00;4159.1;4160.16;4134.37;4143.99
8-8-22 17:00;4143.9;4151.91;4139.77;4149.42
8-8-22 18:00;4149.47;4149.55;4128.97;4135.35
8-8-22 19:00;4135.31;4143.74;4131.22;4140
8-8-22 20:00;4140.13;4140.13;4140.02;4140.06
9-8-22 13:00;4133.11;4137.3;4118.95;4120.89
9-8-22 14:00;4120.47;4130.82;4117.43;4123.05
9-8-22 15:00;4123.06;4132.5;4113.82;4123.2
9-8-22 16:00;4123.22;4125.15;4114.15;4118.32
9-8-22 17:00;4118.31;4124.27;4113.5;4122.55
9-8-22 18:00;4122.56;4124.97;4112.09;4119.98
9-8-22 19:00;4119.95;4126.74;4117.64;4122.84
9-8-22 20:00;4122.68;4122.76;4122.46;4122.47
10-8-22 13:00;4181.02;4198.49;4181.02;4191.76
10-8-22 14:00;4191.75;4198.25;4177.26;4197.62
10-8-22 15:00;4198.22;4210.28;4198.22;4205.93
10-8-22 16:00;4205.9;4207.58;4193.47;4200.33
10-8-22 17:00;4200.34;4207.58;4197.21;4204.23
10-8-22 18:00;4204.19;4205.79;4194.85;4194.87
10-8-22 19:00;4194.81;4211.03;4193.69;4209.33
10-8-22 20:00;4209.73;4210.24;4209.73;4210.24
11-8-22 13:00;4227.4;4243.86;4227.4;4242
11-8-22 14:00;4241.98;4257.91;4241.49;4244.66
11-8-22 15:00;4244.63;4245.46;4220.19;4225.15
11-8-22 16:00;4225.2;4233.6;4220.84;4232.54
11-8-22 17:00;4232.59;4238.34;4226.71;4227.93
11-8-22 18:00;4227.94;4227.94;4204.41;4210.46
11-8-22 19:00;4210.4;4212.1;4201.41;4206.84
11-8-22 20:00;4207.89;4207.89;4207.27;4207.27
12-8-22 13:00;4225.02;4236.19;4222.95;4234.43
12-8-22 14:00;4234.47;4237.24;4219.78;4232.93
12-8-22 15:00;4232.9;4246.44;4231.97;4242.63
12-8-22 16:00;4242.59;4251.73;4242.54;4250.23
12-8-22 17:00;4250.28;4258.18;4249.53;4256.34
12-8-22 18:00;4256.4;4266.19;4255.64;4265.61
12-8-22 19:00;4265.49;4280.47;4264.45;4279.35
12-8-22 20:00;4279.68;4280.15;4279.66;4280.15
15-8-22 13:00;4269.37;4280.74;4256.9;4278.61
15-8-22 14:00;4277.97;4278.18;4264.7;4267.13
15-8-22 15:00;4266.57;4290.25;4263.5;4288.49
15-8-22 16:00;4288.45;4297.25;4285.88;4296.29
15-8-22 17:00;4296.31;4298.34;4289.47;4293.79
15-8-22 18:00;4293.76;4298.5;4289.79;4297.89
15-8-22 19:00;4298;4301.79;4294.46;4296.75
15-8-22 20:00;4297.24;4297.24;4297.08;4297.14
16-8-22 13:00;4290.46;4295.58;4286.1;4292.98
16-8-22 14:00;4292.72;4293.19;4277.77;4283.57
16-8-22 15:00;4283.51;4311.57;4283.11;4310.37
16-8-22 16:00;4310.24;4313.04;4305.08;4306.41
16-8-22 17:00;4306.42;4318.69;4305.05;4318.03
16-8-22 18:00;4318.11;4325.28;4290.07;4299.11
16-8-22 19:00;4299.14;4312.23;4292.34;4305.35
16-8-22 20:00;4305.18;4305.28;4305.18;4305.2
17-8-22 13:00;4280.4;4281.03;4267.33;4277.26
17-8-22 14:00;4277.34;4282.37;4261.22;4262.15
17-8-22 15:00;4262.12;4272.12;4253.08;4256.39
17-8-22 16:00;4256.5;4275.22;4256.42;4272.53
17-8-22 17:00;4272.5;4278.29;4268.11;4274.43
17-8-22 18:00;4274.42;4302.18;4272.4;4285.67
17-8-22 19:00;4285.63;4292.49;4269.62;4274.07
17-8-22 20:00;4274.28;4274.28;4274.02;4274.04
18-8-22 13:00;4273.13;4277.24;4266.06;4267.33
18-8-22 14:00;4267.26;4280.22;4261.98;4274.29
18-8-22 15:00;4274.32;4288.03;4269.11;4283.7
18-8-22 16:00;4283.9;4285.83;4266.27;4270.76
18-8-22 17:00;4270.79;4280.6;4269.29;4276.51
18-8-22 18:00;4276.61;4285.17;4274.77;4283.35
18-8-22 19:00;4283.33;4292.53;4279.56;4284.42
18-8-22 20:00;4284.51;4284.51;4283.74;4283.74
19-8-22 13:00;4266.31;4266.31;4235.32;4237.6
19-8-22 14:00;4237.73;4241.69;4231.16;4231.67
19-8-22 15:00;4231.59;4236.93;4223.92;4231.45
19-8-22 16:00;4231.44;4243.27;4228.04;4240.12
19-8-22 17:00;4240.08;4242.77;4227.26;4235.16
19-8-22 18:00;4235.11;4235.47;4222.65;4224.38
19-8-22 19:00;4224.48;4233.92;4218.7;4228.37
19-8-22 20:00;4228.16;4228.48;4228.16;4228.48
22-8-22 13:00;4195.08;4195.08;4162.51;4168.55
22-8-22 14:00;4168.36;4168.36;4149.39;4149.42
22-8-22 15:00;4149.44;4162.84;4149.41;4160.74
22-8-22 16:00;4160.73;4163.1;4153.2;4157.55
22-8-22 17:00;4157.52;4157.84;4139.09;4139.85
22-8-22 18:00;4139.79;4141.61;4131.59;4134.51
22-8-22 19:00;4134.66;4143.28;4129.86;4139.2
22-8-22 20:00;4139.06;4139.06;4137.99;4137.99
23-8-22 13:00;4133.09;4150.77;4129.88;4144.62
23-8-22 14:00;4144.49;4159.77;4134.24;4134.83
23-8-22 15:00;4134.85;4141;4126.91;4135.4
23-8-22 16:00;4135.41;4137.62;4124.03;4136.96
23-8-22 17:00;4136.98;4141.38;4127.09;4130.67
23-8-22 18:00;4130.65;4138.13;4128.21;4134.07
23-8-22 19:00;4134.02;4140.36;4127.35;4127.77
23-8-22 20:00;4128.65;4128.73;4128.57;4128.73
24-8-22 13:00;4126.55;4132.5;4119.97;4128.52
24-8-22 14:00;4128.51;4141.87;4124.96;4137.11
24-8-22 15:00;4136.99;4156.56;4136.22;4152.99
24-8-22 16:00;4152.93;4155.67;4133.78;4136.38
24-8-22 17:00;4136.35;4140.64;4131.04;4136.24
24-8-22 18:00;4136.25;4139.79;4132.88;4139.53
24-8-22 19:00;4139.41;4150.12;4138.27;4140.83
24-8-22 20:00;4141.66;4141.66;4140.77;4140.77
25-8-22 13:00;4153.26;4170.25;4147.59;4169.73
25-8-22 14:00;4169.75;4183.73;4167.18;4176.43
25-8-22 15:00;4176.47;4176.6;4156.41;4166.74
25-8-22 16:00;4166.76;4167.08;4153.39;4160.32
25-8-22 17:00;4160.39;4175.27;4158.51;4173.43
25-8-22 18:00;4173.42;4175.39;4166.75;4171.97
25-8-22 19:00;4171.98;4200.54;4170.84;4199.73
25-8-22 20:00;4200.51;4200.51;4199.12;4199.12
26-8-22 13:00;4198.74;4201.68;4186.84;4197.3
26-8-22 14:00;4197.16;4203.04;4126;4133.64
26-8-22 15:00;4133.56;4133.56;4106.45;4115.99
26-8-22 16:00;4116.07;4116.11;4099.51;4109.18
26-8-22 17:00;4109.19;4111.92;4094.42;4096.13
26-8-22 18:00;4096.09;4098.22;4079.21;4079.95
26-8-22 19:00;4079.92;4084.17;4057.77;4058.29
26-8-22 20:00;4057.99;4057.99;4057.66;4057.66
29-8-22 13:00;4034.58;4045.48;4021.6;4034.39
29-8-22 14:00;4033.84;4049.46;4017.42;4019.38
29-8-22 15:00;4019.07;4039.88;4018.6;4038.73
29-8-22 16:00;4038.92;4057.25;4036.35;4051.72
29-8-22 17:00;4051.71;4062.99;4044.38;4056.23
29-8-22 18:00;4056.21;4056.26;4042.37;4051.18
29-8-22 19:00;4051.2;4060.37;4029.18;4030.95
29-8-22 20:00;4030.88;4030.92;4030.61;4030.61
30-8-22 13:00;4041.25;4044.98;4020.94;4022.21
30-8-22 14:00;4023.17;4027.41;3968.9;3987.63
30-8-22 15:00;3987.89;3999.83;3983.19;3991.97
30-8-22 16:00;3991.92;4003.07;3979.22;3984.77
30-8-22 17:00;3984.78;3987.91;3965.21;3978.77
30-8-22 18:00;3978.75;3984.64;3973.42;3977.61
30-8-22 19:00;3977.72;3997.82;3975.62;3986.14
30-8-22 20:00;3986.44;3986.44;3986.14;3986.16
31-8-22 13:00;4000.67;4015.37;3986.17;4000.72
31-8-22 14:00;4000.58;4000.58;3980.53;3986.27
31-8-22 15:00;3986.53;3995.98;3971.96;3993.77
31-8-22 16:00;3993.85;3995.46;3977.11;3980.3
31-8-22 17:00;3980.32;3987.1;3965.8;3971.42
31-8-22 18:00;3971.4;3976;3956.37;3962.6
31-8-22 19:00;3962.49;3982.57;3954.53;3955.12
31-8-22 20:00;3954.7;3955.03;3954.7;3955
1-9-22 13:00;3936.73;3936.73;3922.76;3931.16
1-9-22 14:00;3930.99;3933.8;3904.1;3905.79
1-9-22 15:00;3905.69;3928.07;3903.65;3914.32
1-9-22 16:00;3914.33;3925.22;3906.06;3909.99
1-9-22 17:00;3910.01;3933.73;3908.04;3924.41
1-9-22 18:00;3924.38;3952.63;3921.74;3945.5
1-9-22 19:00;3945.47;3970.23;3939.93;3967.23
1-9-22 20:00;3966.86;3966.93;3966.85;3966.85
2-9-22 13:00;3994.66;4006.24;3980.5;3983.57
2-9-22 14:00;3983.5;4018.43;3973.86;4006.38
2-9-22 15:00;4006.44;4016.22;4004.38;4014.43
2-9-22 16:00;4014.42;4016.17;3961.12;3968.12
2-9-22 17:00;3968.09;3968.09;3925.46;3926.42
2-9-22 18:00;3926.39;3942.25;3925.93;3928.92
2-9-22 19:00;3928.85;3942.03;3906.21;3925.29
2-9-22 20:00;3925.01;3925.01;3924.26;3924.26
6-9-22 13:00;3930.89;3942.33;3907.47;3918.96
6-9-22 14:00;3919.35;3939.05;3886.75;3934.33
6-9-22 15:00;3934.3;3942.55;3921.22;3936.71
6-9-22 16:00;3936.58;3939.13;3906.94;3918.66
6-9-22 17:00;3918.67;3918.78;3894.38;3906.2
6-9-22 18:00;3905.99;3919.13;3902.49;3906.03
6-9-22 19:00;3906.08;3919.38;3899.5;3910.16
6-9-22 20:00;3909.18;3909.18;3908.19;3908.19
7-9-22 13:00;3909.43;3929.6;3906.03;3920.53
7-9-22 14:00;3920.25;3935.97;3911.02;3930.52
7-9-22 15:00;3930.47;3947;3926.47;3942.4
7-9-22 16:00;3942.38;3952.88;3931.46;3949.25
7-9-22 17:00;3949.28;3968.05;3948.31;3966.51
7-9-22 18:00;3966.77;3981.22;3964.75;3980.2
7-9-22 19:00;3980.18;3987.89;3976.92;3980.02
7-9-22 20:00;3980.06;3980.18;3979.87;3979.87
8-9-22 13:00;3959.94;3978.26;3944.81;3974.85
8-9-22 14:00;3976.02;4001.2;3960.79;4000.98
8-9-22 15:00;4001.04;4010.5;3994.84;3997.67
8-9-22 16:00;3997.49;3998.91;3953.92;3981.22
8-9-22 17:00;3981.11;4000.13;3974.03;3991.97
8-9-22 18:00;3991.93;4002.41;3986.19;3988.36
8-9-22 19:00;3988.24;4006.9;3981.51;4005.86
8-9-22 20:00;4006.15;4006.18;4005.99;4006.18
9-9-22 13:00;4022.94;4045.35;4022.94;4045.35
9-9-22 14:00;4045.4;4063.79;4043.84;4061.4
9-9-22 15:00;4061.37;4063.3;4050.48;4058.34
9-9-22 16:00;4058.4;4061.77;4045.97;4061.58
9-9-22 17:00;4061.85;4069.81;4057.17;4067.41
9-9-22 18:00;4067.39;4070.87;4062.21;4069.05
9-9-22 19:00;4069.09;4076.81;4067.37;4067.62
9-9-22 20:00;4067.41;4067.5;4067.36;4067.36
12-9-22 13:00;4083.67;4112.21;4083.67;4112.16
12-9-22 14:00;4112.63;4119.28;4105.1;4106.1
12-9-22 15:00;4106.22;4113.81;4089.34;4094.47
12-9-22 16:00;4094.5;4104.58;4087.58;4104.49
12-9-22 17:00;4104.52;4112.46;4097.82;4111.36
12-9-22 18:00;4111.38;4111.6;4097.28;4104.99
12-9-22 19:00;4104.98;4111.16;4100.36;4110.92
12-9-22 20:00;4111.34;4111.34;4110.41;4110.41
13-9-22 13:00;4037.12;4037.12;4009.82;4011.69
13-9-22 14:00;4011.35;4011.63;3982.22;3985.62
13-9-22 15:00;3985.77;3989.37;3978.71;3980.27
13-9-22 16:00;3980.29;3992.78;3978.08;3985.78
13-9-22 17:00;3985.79;3997.69;3981.88;3986.11
13-9-22 18:00;3986.14;3987.25;3958.03;3961.06
13-9-22 19:00;3960.67;3962.08;3921.28;3932.69
13-9-22 20:00;3932.46;3932.69;3932.43;3932.69
14-9-22 13:00;3940.73;3955.61;3931.01;3950.5
14-9-22 14:00;3950.55;3957.05;3918.78;3955.6
14-9-22 15:00;3955.56;3961.94;3944.03;3947.2
14-9-22 16:00;3947.24;3957.59;3941.15;3953.46
14-9-22 17:00;3953.34;3957.51;3928.68;3931.98
14-9-22 18:00;3932.04;3938.39;3923.91;3927
14-9-22 19:00;3926.99;3949.61;3912.18;3946.49
14-9-22 20:00;3946.37;3946.37;3946.01;3946.01
15-9-22 13:00;3932.41;3952.98;3923.66;3951.58
15-9-22 14:00;3951.66;3959.14;3911.37;3913.91
15-9-22 15:00;3913.67;3925.09;3904.39;3909.38
15-9-22 16:00;3909.39;3921.28;3902.62;3921.27
15-9-22 17:00;3921.42;3945.12;3921.42;3928.69
15-9-22 18:00;3928.66;3928.76;3907.99;3909.8
15-9-22 19:00;3909.81;3911.06;3888.28;3901.46
15-9-22 20:00;3901.22;3901.37;3901.22;3901.35
16-9-22 13:00;3880.95;3880.95;3837.45;3840.48
16-9-22 14:00;3840.43;3873.87;3840.43;3851.49
16-9-22 15:00;3851.2;3861.41;3844.78;3858.3
16-9-22 16:00;3858.19;3858.71;3837.08;3850.8
16-9-22 17:00;3850.79;3853.55;3840.41;3843.51
16-9-22 18:00;3843.46;3867.17;3842.56;3864.3
16-9-22 19:00;3864.21;3877.82;3857.57;3872.56
16-9-22 20:00;3872.44;3873.53;3872.44;3873.33
19-9-22 13:00;3849.91;3869.87;3838.5;3864.26
19-9-22 14:00;3864.4;3886.68;3856.51;3877.48
19-9-22 15:00;3877.57;3885.37;3858.12;3860.61
19-9-22 16:00;3860.69;3878.15;3854.71;3876.75
19-9-22 17:00;3876.68;3877.62;3865.97;3869.76
19-9-22 18:00;3869.77;3874.39;3863;3873.92
19-9-22 19:00;3874.03;3900.45;3874.03;3900.24
19-9-22 20:00;3900.41;3900.41;3899.89;3899.89
20-9-22 13:00;3875.23;3875.23;3849.51;3853.67
20-9-22 14:00;3853.79;3862.28;3843.6;3861.2
20-9-22 15:00;3861.73;3873.44;3857.12;3872.47
20-9-22 16:00;3872.45;3876.01;3854.21;3857.53
20-9-22 17:00;3857.54;3858.18;3827.54;3829.38
20-9-22 18:00;3829.45;3850.88;3829.1;3848.28
20-9-22 19:00;3848.42;3869.72;3844.24;3856.76
20-9-22 20:00;3856.28;3856.28;3855.93;3855.93
21-9-22 13:00;3871.4;3883.31;3870.28;3877.69
21-9-22 14:00;3877.59;3887.55;3871.75;3874.78
21-9-22 15:00;3874.86;3878.73;3869.78;3876.04
21-9-22 16:00;3876.03;3883.49;3873.74;3874.71
21-9-22 17:00;3874.68;3886.57;3871.71;3885.7
21-9-22 18:00;3885.62;3907.07;3819.34;3887.58
21-9-22 19:00;3889.1;3895.24;3789.66;3789.83
21-9-22 20:00;3789.49;3789.93;3789.49;3789.93
22-9-22 13:00;3782.36;3790.9;3759.5;3764.35
22-9-22 14:00;3764.15;3779.55;3754.58;3755.58
22-9-22 15:00;3755.56;3768.09;3749.45;3759.68
22-9-22 16:00;3759.54;3773.52;3756.97;3766.43
22-9-22 17:00;3766.46;3772.48;3754.78;3769.44
22-9-22 18:00;3769.37;3770.76;3752.32;3768.49
22-9-22 19:00;3768.57;3789.67;3756.86;3756.91
22-9-22 20:00;3757.28;3757.99;3757.28;3757.99
23-9-22 13:00;3727.14;3727.14;3691.4;3691.77
23-9-22 14:00;3691.74;3701.42;3688.02;3688.75
23-9-22 15:00;3688.63;3701.87;3677.03;3682.51
23-9-22 16:00;3682.5;3682.96;3662.87;3680.59
23-9-22 17:00;3680.56;3685.7;3669.77;3676.17
23-9-22 18:00;3676.15;3680.27;3647.47;3649.07
23-9-22 19:00;3649.16;3695.5;3648.85;3695.23
23-9-22 20:00;3694.32;3694.32;3693.23;3693.23
26-9-22 13:00;3682.72;3700.24;3676.05;3699.8
26-9-22 14:00;3698.92;3715.67;3689.06;3700.1
26-9-22 15:00;3699.69;3702.04;3668.39;3682.57
26-9-22 16:00;3682.67;3682.67;3653.74;3669.93
26-9-22 17:00;3669.96;3670.02;3644.76;3647.22
26-9-22 18:00;3647.29;3673.39;3646.55;3669.27
26-9-22 19:00;3669.41;3682.48;3653.65;3656.13
26-9-22 20:00;3655.92;3655.92;3655.04;3655.04
27-9-22 13:00;3686.44;3717.53;3686.44;3698.28
27-9-22 14:00;3698.34;3703.08;3673.55;3697.59
27-9-22 15:00;3697.19;3698.73;3654.5;3654.66
27-9-22 16:00;3654.58;3654.72;3626.16;3641.76
27-9-22 17:00;3641.45;3641.45;3623.29;3630.47
27-9-22 18:00;3630.8;3659.21;3627.99;3654.16
27-9-22 19:00;3654.14;3654.17;3635.28;3648.49
27-9-22 20:00;3647.89;3647.89;3647.29;3647.29
28-9-22 13:00;3651.94;3662.2;3640.61;3657.22
28-9-22 14:00;3656.83;3688.22;3646.01;3679.51
28-9-22 15:00;3679.36;3697.9;3676.4;3697.13
28-9-22 16:00;3697.16;3709.01;3695.35;3702.17
28-9-22 17:00;3702.45;3713.44;3696.53;3700.84
28-9-22 18:00;3700.89;3711.42;3697.87;3708.79
28-9-22 19:00;3708.68;3736.74;3707.82;3717.69
28-9-22 20:00;3718.28;3719.04;3718.28;3719.04
29-9-22 13:00;3687.01;3687.01;3641.86;3645.28
29-9-22 14:00;3645.1;3645.43;3619.69;3638.85
29-9-22 15:00;3638.82;3659.07;3634.58;3653.72
29-9-22 16:00;3653.49;3656.64;3635.51;3636.22
29-9-22 17:00;3636.24;3636.93;3617.75;3617.94
29-9-22 18:00;3617.99;3628.07;3610.4;3612.44
29-9-22 19:00;3612.26;3645.25;3612.26;3641.71
29-9-22 20:00;3641.5;3641.5;3640.47;3640.47
30-9-22 13:00;3633.48;3648.92;3614.54;3643.29
30-9-22 14:00;3643.49;3658.12;3629.3;3653.94
30-9-22 15:00;3654.1;3671.44;3640.9;3642.73
30-9-22 16:00;3642.65;3646.36;3631.53;3639.91
30-9-22 17:00;3639.81;3642.27;3620.07;3622.69
30-9-22 18:00;3622.77;3630.28;3604.5;3606.21
30-9-22 19:00;3606.13;3619.42;3584.13;3589.7
30-9-22 20:00;3587.17;3587.35;3585.62;3585.62
3-10-22 13:00;3609.78;3628.17;3604.93;3618.36
3-10-22 14:00;3618.81;3662.49;3618.81;3656.67
3-10-22 15:00;3656.63;3667.28;3648;3650.88
3-10-22 16:00;3650.86;3662.23;3647.37;3655.6
3-10-22 17:00;3655.59;3674.41;3655.09;3669.72
3-10-22 18:00;3669.69;3698.35;3669.69;3694.64
3-10-22 19:00;3694.61;3696.68;3674.29;3677.82
3-10-22 20:00;3678.46;3678.47;3678.35;3678.43
4-10-22 13:00;3726.46;3772.89;3726.46;3772.82
4-10-22 14:00;3772.97;3786.61;3772.97;3785.64
4-10-22 15:00;3785.61;3789.49;3778.02;3783.16
4-10-22 16:00;3783.17;3788.71;3772.08;3775.37
4-10-22 17:00;3775.14;3779.77;3754.4;3776.11
4-10-22 18:00;3776.1;3786.8;3768.47;3784.03
4-10-22 19:00;3784;3791.87;3768.39;3790.5
4-10-22 20:00;3791.92;3791.92;3790.93;3790.93
5-10-22 13:00;3753.25;3763.62;3746.72;3755.39
5-10-22 14:00;3755.63;3755.63;3722.66;3725.8
5-10-22 15:00;3725.9;3746.36;3725.14;3743.2
5-10-22 16:00;3743.5;3771.91;3735.83;3765.36
5-10-22 17:00;3765.4;3787.67;3764.67;3771.55
5-10-22 18:00;3771.48;3789.91;3770.17;3789.42
5-10-22 19:00;3789.46;3806.91;3777.75;3783.39
5-10-22 20:00;3783.51;3784.04;3783.28;3783.28
6-10-22 13:00;3771.97;3797.93;3767.56;3773.88
6-10-22 14:00;3773.89;3776.08;3746.58;3775.84
6-10-22 15:00;3775.81;3779.92;3758.26;3759.27
6-10-22 16:00;3759.19;3774.26;3751.85;3766.53
6-10-22 17:00;3766.51;3770.95;3759.26;3765.97
6-10-22 18:00;3766.11;3766.11;3739.59;3746.19
6-10-22 19:00;3746.26;3757.03;3739.22;3744.6
6-10-22 20:00;3744.28;3744.52;3744.28;3744.52
7-10-22 13:00;3706.74;3706.74;3665.3;3667.11
7-10-22 14:00;3667.18;3681.9;3659.41;3675.59
7-10-22 15:00;3675.53;3681.66;3660.28;3664.12
7-10-22 16:00;3664.15;3669.03;3646.01;3649.33
7-10-22 17:00;3649.29;3654.17;3642.51;3645.75
7-10-22 18:00;3645.52;3648.76;3634.27;3638.83
7-10-22 19:00;3638.81;3645.8;3620.73;3640.38
7-10-22 20:00;3639.88;3640.14;3639.62;3639.66
10-10-22 13:00;3647.51;3652.17;3626.62;3626.81
10-10-22 14:00;3627.13;3640.04;3607.63;3613.05
10-10-22 15:00;3612.91;3624.75;3604.55;3619.36
10-10-22 16:00;3619.37;3620.56;3594.73;3594.74
10-10-22 17:00;3594.75;3633.91;3588.1;3626.3
10-10-22 18:00;3626.28;3627.86;3610.86;3616.81
10-10-22 19:00;3616.82;3630.35;3612.05;3612.05
10-10-22 20:00;3611.93;3612.44;3611.93;3612.39
11-10-22 13:00;3595.86;3598.15;3575.94;3576.4
11-10-22 14:00;3576.37;3596.52;3568.45;3586.15
11-10-22 15:00;3586.12;3625.4;3585.79;3618.27
11-10-22 16:00;3618.31;3640.66;3606.2;3632.54
11-10-22 17:00;3632.56;3634.51;3620.29;3629.9
11-10-22 18:00;3629.89;3631.67;3583.36;3584.33
11-10-22 19:00;3583.62;3592.84;3568.66;3589.16
11-10-22 20:00;3588.58;3588.85;3588.51;3588.84
12-10-22 13:00;3590.83;3607.69;3573.86;3599.21
12-10-22 14:00;3599.24;3604.74;3581.65;3589.72
12-10-22 15:00;3589.4;3604.87;3588.6;3603.03
12-10-22 16:00;3602.95;3608.34;3587.42;3596.92
12-10-22 17:00;3596.95;3598.91;3584.7;3587.47
12-10-22 18:00;3587.46;3604.34;3583.27;3587.69
12-10-22 19:00;3587.72;3593.57;3576.37;3576.9
12-10-22 20:00;3576.57;3577.04;3576.57;3577.03
13-10-22 13:00;3520.37;3535.15;3491.58;3529.15
13-10-22 14:00;3529.16;3556.88;3524.96;3546.61
13-10-22 15:00;3546.57;3662.51;3544.41;3638.24
13-10-22 16:00;3638.26;3650.17;3620.24;3640
13-10-22 17:00;3640.16;3675.08;3640.1;3665.78
13-10-22 18:00;3665.74;3681.48;3650.71;3678.62
13-10-22 19:00;3678.7;3685.41;3661.28;3669.48
13-10-22 20:00;3669.58;3669.91;3669.58;3669.91
14-10-22 13:00;3690.41;3712;3671.35;3677.16
14-10-22 14:00;3676.88;3676.88;3614.27;3630.85
14-10-22 15:00;3630.9;3645;3604.65;3608.11
14-10-22 16:00;3608.01;3619.85;3595.35;3603.51
14-10-22 17:00;3603.49;3611.72;3595.97;3611.18
14-10-22 18:00;3611.25;3611.25;3586.29;3594.45
14-10-22 19:00;3594.46;3603.99;3579.68;3585.73
14-10-22 20:00;3585.63;3585.63;3583.07;3583.07
17-10-22 13:00;3641.41;3683.07;3641.41;3668.62
17-10-22 14:00;3668.77;3689.73;3659.95;3664.6
17-10-22 15:00;3664.68;3685.02;3657.48;3679.87
17-10-22 16:00;3679.84;3686.2;3670.65;3676
17-10-22 17:00;3675.91;3686.98;3670.78;3684.55
17-10-22 18:00;3684.57;3689.13;3673.57;3678.65
17-10-22 19:00;3678.69;3686.3;3673.16;3678.4
17-10-22 20:00;3678.79;3678.79;3677.95;3677.95
18-10-22 13:00;3746.26;3762.79;3735.29;3740.65
18-10-22 14:00;3741.12;3753.83;3720.52;3726.44
18-10-22 15:00;3726.24;3729.55;3686.53;3703.14
18-10-22 16:00;3703.05;3724.53;3696.99;3715.6
18-10-22 17:00;3715.48;3733.86;3703.35;3731.12
18-10-22 18:00;3730.97;3732.65;3692.52;3704.93
18-10-22 19:00;3704.94;3722.41;3694.89;3721.8
18-10-22 20:00;3721.68;3721.68;3719.98;3719.98
19-10-22 13:00;3703.11;3718.96;3690.25;3696.56
19-10-22 14:00;3696.43;3728.58;3693.64;3707.27
19-10-22 15:00;3707.28;3717.35;3698.07;3708.1
19-10-22 16:00;3708.16;3708.64;3680;3682.86
19-10-22 17:00;3682.83;3684.72;3666.51;3680.05
19-10-22 18:00;3680.02;3694.87;3677.04;3682.41
19-10-22 19:00;3682.45;3696.95;3680.22;3695.96
19-10-22 20:00;3696.33;3696.33;3695.16;3695.16
20-10-22 13:00;3689.05;3708.09;3680.59;3700.9
20-10-22 14:00;3700.85;3736;3700.28;3729.49
20-10-22 15:00;3729.48;3731.28;3709.72;3712.77
20-10-22 16:00;3712.75;3713.22;3682.02;3688.93
20-10-22 17:00;3688.9;3689.84;3664.6;3670.84
20-10-22 18:00;3670.85;3671.68;3656.69;3666.66
20-10-22 19:00;3666.67;3675.88;3656.44;3665.23
20-10-22 20:00;3664.75;3665.78;3664.75;3665.78
21-10-22 13:00;3657.1;3700.91;3647.42;3700.91
21-10-22 14:00;3701.02;3715.28;3673.82;3677.32
21-10-22 15:00;3677.51;3709.4;3668.87;3709.4
21-10-22 16:00;3710.03;3728.73;3703.38;3723.08
21-10-22 17:00;3723.11;3736.3;3718.21;3736.05
21-10-22 18:00;3736.09;3743.28;3731.17;3738.83
21-10-22 19:00;3738.85;3757.89;3737.9;3752.75
21-10-22 20:00;3753.04;3753.3;3752.75;3752.75
24-10-22 13:00;3762.01;3796.66;3762.01;3786.65
24-10-22 14:00;3786.75;3786.89;3741.65;3776.3
24-10-22 15:00;3776.26;3791.99;3765.7;3791.29
24-10-22 16:00;3791.32;3796.6;3785.4;3787.6
24-10-22 17:00;3787.61;3787.99;3776.91;3781.81
24-10-22 18:00;3781.85;3804.91;3781.37;3803.92
24-10-22 19:00;3804.03;3810.74;3791.71;3797.79
24-10-22 20:00;3798.69;3798.69;3797.34;3797.34
25-10-22 13:00;3799.44;3836.23;3799.44;3834.48
25-10-22 14:00;3835.28;3840.04;3824.19;3833
25-10-22 15:00;3833.1;3849.24;3831.73;3845.87
25-10-22 16:00;3845.88;3852.42;3840.25;3841.09
25-10-22 17:00;3841.1;3845.66;3834.19;3840.11
25-10-22 18:00;3840.1;3854.69;3839.69;3846.62
25-10-22 19:00;3846.55;3862.85;3846.13;3860.2
25-10-22 20:00;3859.78;3859.78;3859.11;3859.11
26-10-22 13:00;3825.97;3841.09;3824.07;3826.99
26-10-22 14:00;3827.12;3869.77;3827.12;3860.69
26-10-22 15:00;3860.65;3886.15;3860.65;3878.31
26-10-22 16:00;3878.29;3882.57;3851.61;3853.65
26-10-22 17:00;3853.68;3854.52;3837.93;3848.33
26-10-22 18:00;3848.24;3853.41;3830.43;3834.3
26-10-22 19:00;3834.35;3840.28;3825.68;3830.62
26-10-22 20:00;3831.31;3831.31;3830.59;3830.6
27-10-22 13:00;3834.69;3852.23;3815.56;3821.91
27-10-22 14:00;3821.8;3859.95;3819.01;3833.11
27-10-22 15:00;3832.98;3844.04;3820.09;3823.46
27-10-22 16:00;3823.58;3833.83;3812.24;3825.69
27-10-22 17:00;3825.73;3837.5;3818.33;3818.47
27-10-22 18:00;3818.49;3820.46;3809.09;3811.29
27-10-22 19:00;3811.3;3823.2;3803.79;3808.87
27-10-22 20:00;3809.41;3809.41;3807.3;3807.3
28-10-22 13:00;3808.26;3843.05;3808.26;3835.58
28-10-22 14:00;3835.73;3868.45;3819.74;3866.6
28-10-22 15:00;3866.98;3872.25;3858.97;3867.63
28-10-22 16:00;3867.73;3884.51;3860.86;3881.85
28-10-22 17:00;3882.04;3890.58;3881.19;3885.3
28-10-22 18:00;3885.32;3900.36;3882.56;3898.57
28-10-22 19:00;3898.58;3905.42;3893.52;3900.55
28-10-22 20:00;3900.97;3901.13;3900.97;3901.06
31-10-22 13:00;3881.85;3884.61;3865.04;3865.36
31-10-22 14:00;3865.32;3878.75;3863.18;3871.49
31-10-22 15:00;3871.19;3893.73;3870.71;3880.12
31-10-22 16:00;3880.51;3889.86;3868.47;3872.39
31-10-22 17:00;3872.42;3885.63;3868.76;3880.4
31-10-22 18:00;3880.46;3886.92;3876.56;3878.53
31-10-22 19:00;3878.65;3884.33;3866.2;3872.34
31-10-22 20:00;3872.87;3872.87;3871.97;3871.98
1-11-22 13:00;3901.79;3911.79;3887.72;3890.27
1-11-22 14:00;3890.26;3892.24;3846.44;3848.93
1-11-22 15:00;3849.26;3857.51;3843.8;3854.94
1-11-22 16:00;3854.93;3869.24;3850.02;3857.07
1-11-22 17:00;3857.12;3863.95;3853.22;3860.38
1-11-22 18:00;3860.43;3864.99;3853.21;3864.09
1-11-22 19:00;3864;3867.8;3855.64;3855.64
1-11-22 20:00;3855.52;3856.1;3855.52;3856.1
2-11-22 13:00;3852.9;3852.9;3833.97;3833.97
2-11-22 14:00;3834.04;3840.62;3830.8;3836.96
2-11-22 15:00;3837.15;3840.64;3832.95;3836.68
2-11-22 16:00;3836.67;3838.29;3823.65;3834.54
2-11-22 17:00;3834.61;3848.65;3829.67;3843.08
2-11-22 18:00;3843.06;3894.44;3801.5;3818.43
2-11-22 19:00;3816.78;3839.89;3758.98;3759.11
2-11-22 20:00;3758.68;3759.69;3758.68;3759.69
3-11-22 13:00;3733.25;3733.25;3700.77;3701.28
3-11-22 14:00;3701.25;3744.76;3698.15;3744.17
3-11-22 15:00;3744.14;3745.73;3720.08;3726.81
3-11-22 16:00;3726.69;3750.59;3723.81;3748.4
3-11-22 17:00;3748.31;3749.24;3732.25;3732.25
3-11-22 18:00;3732.17;3745.32;3728.58;3744.47
3-11-22 19:00;3744.43;3744.9;3718.47;3719.8
3-11-22 20:00;3719.46;3719.89;3719.46;3719.89
4-11-22 13:00;3766.98;3780.39;3731.5;3759.4
4-11-22 14:00;3759.36;3796.34;3755.96;3776.19
4-11-22 15:00;3776.25;3782.59;3717.02;3717.46
4-11-22 16:00;3717.53;3737.47;3709.64;3721.32
4-11-22 17:00;3721.25;3727.87;3710.11;3715.66
4-11-22 18:00;3715.69;3749.72;3708.84;3747.6
4-11-22 19:00;3747.74;3772.68;3744.82;3770.42
4-11-22 20:00;3771.75;3771.75;3770.49;3770.55
7-11-22 14:00;3780.71;3789.89;3764.7;3768.57
7-11-22 15:00;3768.73;3791.52;3768.73;3784.22
7-11-22 16:00;3784.3;3789.53;3770.73;3770.75
7-11-22 17:00;3770.74;3781.53;3767.12;3778.1
7-11-22 18:00;3778.13;3787.78;3778;3787.44
7-11-22 19:00;3787.47;3808.33;3787.47;3801.73
7-11-22 20:00;3801.83;3813.95;3801.83;3807.37
7-11-22 21:00;3807.74;3807.74;3806.8;3806.8
8-11-22 14:00;3817.02;3819.93;3803.78;3814.99
8-11-22 15:00;3814.33;3841.4;3812.69;3839.1
8-11-22 16:00;3839.07;3859.4;3834.13;3853.79
8-11-22 17:00;3853.81;3856.26;3848.2;3853.55
8-11-22 18:00;3853.5;3858.55;3813.82;3816.2
8-11-22 19:00;3816.19;3821.31;3786.28;3815.03
8-11-22 20:00;3815.01;3849;3814.19;3828.34
8-11-22 21:00;3828.62;3828.62;3828.1;3828.11
9-11-22 14:00;3810.94;3810.94;3790.58;3794.77
9-11-22 15:00;3794.69;3818.2;3783.71;3789.62
9-11-22 16:00;3789.59;3809.26;3789.57;3798.22
9-11-22 17:00;3798.23;3800.05;3787.06;3792.22
9-11-22 18:00;3792.24;3794.68;3762.32;3768.41
9-11-22 19:00;3768.39;3775.24;3753.72;3755.75
9-11-22 20:00;3755.74;3768.92;3744.22;3749.16
9-11-22 21:00;3748.84;3748.84;3748.57;3748.57
10-11-22 14:00;3859.89;3905.29;3859.89;3905.29
10-11-22 15:00;3905.95;3913.89;3887.71;3912.02
10-11-22 16:00;3912.21;3927.61;3902.63;3926.28
10-11-22 17:00;3926.31;3926.31;3897.82;3898.47
10-11-22 18:00;3898.41;3922.9;3898.41;3920.57
10-11-22 19:00;3920.56;3930.98;3917.67;3930.41
10-11-22 20:00;3930.12;3958.33;3927.94;3954.34
10-11-22 21:00;3955.21;3956.37;3955.21;3956.37
11-11-22 14:00;3963.72;3968.87;3944.82;3959.27
11-11-22 15:00;3959.14;3983.09;3946.6;3971.33
11-11-22 16:00;3971.29;3978.54;3948.75;3960.29
11-11-22 17:00;3960.17;3973.91;3955.07;3969.91
11-11-22 18:00;3969.87;3990.99;3969.64;3989.75
11-11-22 19:00;3989.92;4001.48;3985.19;4000.38
11-11-22 20:00;4000.34;4001.28;3981.93;3992.21
11-11-22 21:00;3993.44;3993.44;3992.92;3992.93
14-11-22 14:00;3977.97;3984.3;3966.39;3977.74
14-11-22 15:00;3977.93;3996.48;3977.93;3991.7
14-11-22 16:00;3991.5;3993.2;3971.39;3985.91
14-11-22 17:00;3985.94;3999.31;3982.27;3993.55
14-11-22 18:00;3993.53;4008.82;3991.79;4008.65
14-11-22 19:00;4008.63;4008.97;3993.09;3994.87
14-11-22 20:00;3994.83;4002.09;3956.4;3957.35
14-11-22 21:00;3958.32;3958.32;3957.25;3957.25
15-11-22 14:00;4006.41;4028.84;4006.41;4022.99
15-11-22 15:00;4023.04;4028.37;4006.14;4011.08
15-11-22 16:00;4010.6;4023.01;4001.79;4019.12
15-11-22 17:00;4019.2;4019.99;4001.82;4006.7
15-11-22 18:00;4006.81;4009.78;3953.17;3972.37
15-11-22 19:00;3972.45;3998.09;3957.49;3994.09
15-11-22 20:00;3994.2;4002.19;3982.35;3991.83
15-11-22 21:00;3992.51;3992.51;3991.72;3991.73
16-11-22 14:00;3976.82;3983.09;3964.12;3970
16-11-22 15:00;3970.04;3977.44;3958.57;3961.28
16-11-22 16:00;3961.27;3975.08;3960.49;3971.56
16-11-22 17:00;3971.58;3981.98;3963.82;3973.27
16-11-22 18:00;3973.26;3974.78;3957.97;3958.93
16-11-22 19:00;3958.86;3967.94;3955.96;3967.73
16-11-22 20:00;3967.77;3968.45;3954.34;3959.78
16-11-22 21:00;3959.86;3959.86;3958.79;3958.79
17-11-22 14:00;3919.26;3921.67;3907.77;3907.97
17-11-22 15:00;3908.22;3926.71;3906.54;3911.2
17-11-22 16:00;3911.12;3936.54;3908.46;3936.17
17-11-22 17:00;3936.37;3950.13;3933.09;3948.62
17-11-22 18:00;3948.45;3954.33;3942.89;3947.49
17-11-22 19:00;3947.42;3951.38;3930.97;3936.87
17-11-22 20:00;3936.78;3948.5;3922.14;3947.62
17-11-22 21:00;3947.78;3947.78;3946.56;3946.56
18-11-22 14:00;3966.39;3979.89;3960.95;3962.7
18-11-22 15:00;3962.78;3964.11;3948.09;3950.4
18-11-22 16:00;3950.41;3964.3;3945.81;3955.7
18-11-22 17:00;3955.95;3957.37;3935.98;3943.09
18-11-22 18:00;3943.05;3953.16;3939.41;3943.71
18-11-22 19:00;3943.73;3952.74;3943.6;3952.36
18-11-22 20:00;3952.16;3974.87;3951.78;3967.12
18-11-22 21:00;3966.35;3966.35;3965.34;3965.34
21-11-22 14:00;3956.23;3962;3947.52;3956.46
21-11-22 15:00;3956.36;3959.5;3937.03;3943.22
21-11-22 16:00;3943.25;3947.59;3933.34;3936.91
21-11-22 17:00;3936.89;3950.91;3936.2;3943.7
21-11-22 18:00;3943.74;3960.36;3943.55;3952.32
21-11-22 19:00;3952.27;3957.83;3948.17;3950.11
21-11-22 20:00;3949.86;3955.68;3945.24;3950.25
21-11-22 21:00;3950.29;3950.29;3949.94;3949.94
22-11-22 14:00;3965.51;3971.37;3956.88;3964.08
22-11-22 15:00;3964;3982.41;3962.15;3981.55
22-11-22 16:00;3981.56;3982.02;3972.86;3979.39
22-11-22 17:00;3979.38;3983.28;3977.98;3979.35
22-11-22 18:00;3979.36;3991.39;3978.48;3989.95
22-11-22 19:00;3989.92;3994.82;3986.58;3994.03
22-11-22 20:00;3993.98;4005.88;3993.4;4003.65
22-11-22 21:00;4003.77;4003.82;4003.58;4003.58
23-11-22 14:00;4000.3;4022.81;3999.12;4018.56
23-11-22 15:00;4018.48;4029.58;4012.74;4025.69
23-11-22 16:00;4025.82;4029.66;4003.45;4008.18
23-11-22 17:00;4008.08;4014.78;3998.66;4002.46
23-11-22 18:00;4002.5;4016.34;4000.81;4014.2
23-11-22 19:00;4014.16;4032.98;4007.98;4026.84
23-11-22 20:00;4026.86;4033.78;4022.26;4027.86
23-11-22 21:00;4028.41;4028.41;4027.26;4027.26
25-11-22 14:00;4023.34;4030.51;4020.76;4029.54
25-11-22 15:00;4029.38;4032.93;4028.06;4031.16
25-11-22 16:00;4031.11;4034.02;4025.05;4029.9
25-11-22 17:00;4029.84;4030.48;4023.17;4026.98
25-11-22 18:00;4026.85;4026.85;4026.11;4026.12
28-11-22 14:00;4005.36;4012.27;3994.77;4002.86
28-11-22 15:00;4002.87;4006.64;3989.24;3990.07
28-11-22 16:00;3990.1;3995.17;3987.27;3993.68
28-11-22 17:00;3993.74;3997.6;3981.04;3981.38
28-11-22 18:00;3981.39;3984.63;3969.63;3970.31
28-11-22 19:00;3970.3;3971.62;3963.11;3964.51
28-11-22 20:00;3964.54;3966.68;3955.77;3964.56
28-11-22 21:00;3964.19;3964.2;3963.94;3963.94
29-11-22 14:00;3964.19;3969.35;3957.13;3961.11
29-11-22 15:00;3961.08;3976.77;3958.52;3967.77
29-11-22 16:00;3967.73;3968.94;3937.65;3950.57
29-11-22 17:00;3950.54;3956.35;3945.55;3953.73
29-11-22 18:00;3953.72;3954.54;3943.97;3954.15
29-11-22 19:00;3954.2;3964.09;3946.55;3951.57
29-11-22 20:00;3951.54;3959.3;3949.36;3957.35
29-11-22 21:00;3957.12;3957.63;3957.09;3957.63
30-11-22 14:00;3957.18;3965.25;3952.49;3954.03
30-11-22 15:00;3954.82;3956.21;3942.3;3945.2
30-11-22 16:00;3945.25;3957.89;3941.34;3954.73
30-11-22 17:00;3954.74;3956.24;3938.58;3944.86
30-11-22 18:00;3944.91;4003.03;3944.51;4001.26
30-11-22 19:00;4000.83;4037.45;4000.83;4035.32
30-11-22 20:00;4035.52;4078.81;4034.1;4078.77
30-11-22 21:00;4079.12;4080.11;4079.08;4080.11
1-12-22 14:00;4087.14;4099.36;4084.46;4094.18
1-12-22 15:00;4094.23;4100.51;4050.87;4078.37
1-12-22 16:00;4078.5;4079.09;4062.64;4071.12
1-12-22 17:00;4071.16;4078.82;4058.85;4075.29
1-12-22 18:00;4075.48;4082.47;4066.6;4073.95
1-12-22 19:00;4073.94;4083.78;4067.36;4081.98
1-12-22 20:00;4081.99;4087.3;4074.17;4076.96
1-12-22 21:00;4076.94;4077;4076.57;4076.57
2-12-22 14:00;4040.17;4042.07;4026.63;4033.69
2-12-22 15:00;4034.13;4053.52;4029.6;4043.67
2-12-22 16:00;4043.66;4063.81;4039.3;4057.17
2-12-22 17:00;4057.2;4064.95;4049.78;4050.4
2-12-22 18:00;4050.41;4056.69;4046.44;4054.57
2-12-22 19:00;4054.58;4068.5;4048.01;4067.79
2-12-22 20:00;4068.05;4080.48;4061.01;4071.55
2-12-22 21:00;4071.76;4071.76;4071.61;4071.7
5-12-22 14:00;4052.02;4052.45;4034.1;4034.46
5-12-22 15:00;4034.52;4038.86;4020.7;4035.88
5-12-22 16:00;4035.9;4041.8;4011.91;4012.3
5-12-22 17:00;4012.24;4020.11;4005.14;4005.95
5-12-22 18:00;4005.98;4011.31;3993.91;3994.23
5-12-22 19:00;3993.97;3998.77;3984.49;3991.47
5-12-22 20:00;3991.28;4001.4;3988.65;3999.15
5-12-22 21:00;3998.66;3998.9;3998.66;3998.84
6-12-22 14:00;3996.63;4001.51;3973.78;3974.18
6-12-22 15:00;3973.92;3975.97;3950.88;3956.11
6-12-22 16:00;3956.14;3960.12;3948.33;3953.06
6-12-22 17:00;3953;3957.49;3941.17;3942.62
6-12-22 18:00;3942.58;3944.77;3928.42;3934.8
6-12-22 19:00;3934.79;3935.68;3918.39;3927.06
6-12-22 20:00;3927.45;3943.86;3921.91;3941.5
6-12-22 21:00;3940.92;3941.26;3940.92;3941.26
7-12-22 14:00;3933.28;3954.31;3926.16;3929.77
7-12-22 15:00;3929.92;3955.63;3922.68;3952.49
7-12-22 16:00;3952.48;3957.57;3925.98;3936.12
7-12-22 17:00;3935.97;3941.9;3929.25;3939.02
7-12-22 18:00;3938.98;3947.12;3931.21;3932.44
7-12-22 19:00;3932.4;3938.8;3925.68;3930.79
7-12-22 20:00;3930.84;3936.27;3923;3933.45
7-12-22 21:00;3933.32;3933.92;3933.32;3933.92
8-12-22 14:00;3947.79;3963.3;3935.83;3963.06
8-12-22 15:00;3963.27;3974.19;3962.25;3967.4
8-12-22 16:00;3967.31;3969.96;3951.86;3962.71
8-12-22 17:00;3962.7;3964.26;3952.66;3959.58
8-12-22 18:00;3959.56;3973.3;3957.98;3965.93
8-12-22 19:00;3965.94;3965.94;3947.67;3956.48
8-12-22 20:00;3956.47;3966.62;3950.62;3962.91
8-12-22 21:00;3963.55;3963.55;3963.4;3963.51
9-12-22 14:00;3954.17;3969.86;3943.75;3957.58
9-12-22 15:00;3957.88;3972.3;3949.59;3972.3
9-12-22 16:00;3972.25;3977.02;3963.66;3974.83
9-12-22 17:00;3974.81;3975.39;3964.89;3966.39
9-12-22 18:00;3966.4;3966.4;3954.97;3960.68
9-12-22 19:00;3960.67;3961.68;3952.02;3959.42
9-12-22 20:00;3959.33;3963.45;3933.04;3934.36
9-12-22 21:00;3934.11;3934.38;3934.11;3934.38
12-12-22 14:00;3939.29;3948.25;3935.3;3946.7
12-12-22 15:00;3946.88;3949.11;3939.42;3946.5
12-12-22 16:00;3946.56;3957.25;3944.93;3955.13
12-12-22 17:00;3955.12;3959.73;3952.39;3958.37
12-12-22 18:00;3958.34;3963.12;3952.23;3959.59
12-12-22 19:00;3959.58;3969.7;3955.29;3968.52
12-12-22 20:00;3968.49;3990.46;3968.49;3990.29
12-12-22 21:00;3990.71;3990.71;3990.53;3990.56
13-12-22 14:00;4069.38;4100.96;4069.38;4094.11
13-12-22 15:00;4094.26;4096.09;4038.96;4045.04
13-12-22 16:00;4045.17;4059.11;4019.78;4027.42
13-12-22 17:00;4027.5;4032.88;3993.03;4001.12
13-12-22 18:00;4001.1;4024.39;3999.46;4017.52
13-12-22 19:00;4017.53;4032.69;4010.97;4017.13
13-12-22 20:00;4017.1;4031.23;4000.89;4019.51
13-12-22 21:00;4020.44;4020.44;4019.65;4019.65
14-12-22 14:00;4015.54;4039.5;4015.54;4038.1
14-12-22 15:00;4039.53;4044.96;4035.24;4042.34
14-12-22 16:00;4042.76;4050.38;4041.35;4042.24
14-12-22 17:00;4042.23;4042.79;4036.05;4036.05
14-12-22 18:00;4036.01;4053.76;4035.53;4048.9
14-12-22 19:00;4048.74;4048.75;3965.65;3989.73
14-12-22 20:00;3989.6;4034.87;3978.56;3995.04
14-12-22 21:00;3994.76;3995.32;3994.76;3995.32
15-12-22 14:00;3958.37;3958.37;3912.74;3915.87
15-12-22 15:00;3915.84;3919.27;3903.03;3906.65
15-12-22 16:00;3906.66;3910.62;3887.93;3892.6
15-12-22 17:00;3892.61;3903.41;3886.63;3888.59
15-12-22 18:00;3888.62;3889.44;3879.45;3887.16
15-12-22 19:00;3887.2;3901.9;3881.62;3901.71
15-12-22 20:00;3901.68;3908.18;3889.82;3897.45
15-12-22 21:00;3896.41;3896.54;3895.75;3895.75
16-12-22 14:00;3890.91;3890.91;3863.74;3876.13
16-12-22 15:00;3876.15;3876.15;3836.29;3847.48
16-12-22 16:00;3847.59;3851.45;3831.5;3832.88
16-12-22 17:00;3832.86;3845.17;3827.91;3828.76
16-12-22 18:00;3828.77;3837.1;3828.13;3834.16
16-12-22 19:00;3834.04;3849.05;3829.59;3846.59
16-12-22 20:00;3846.58;3866.07;3841.1;3851.02
16-12-22 21:00;3850.65;3852.36;3850.6;3852.36
19-12-22 14:00;3853.79;3854.86;3836.23;3840.6
19-12-22 15:00;3840.54;3852.59;3833.9;3833.93
19-12-22 16:00;3833.97;3835.7;3821.58;3826.69
19-12-22 17:00;3826.72;3834.13;3824.9;3830.65
19-12-22 18:00;3830.62;3833.47;3815.37;3815.63
19-12-22 19:00;3815.25;3815.94;3800.22;3804.18
19-12-22 20:00;3804.11;3820.47;3800.04;3817.82
19-12-22 21:00;3817.01;3817.66;3817.01;3817.66
20-12-22 14:00;3810.47;3818.65;3795.62;3817.3
20-12-22 15:00;3817.36;3837.59;3817.06;3829.49
20-12-22 16:00;3829.53;3831.16;3806.05;3822.55
20-12-22 17:00;3822.56;3829.09;3817.09;3827.87
20-12-22 18:00;3827.89;3838.24;3822.39;3829.18
20-12-22 19:00;3829.19;3836.21;3821.68;3823.89
20-12-22 20:00;3823.8;3831.92;3817.69;3821.98
20-12-22 21:00;3821.9;3821.9;3821.62;3821.62
21-12-22 14:00;3839.49;3855.76;3839.49;3847.3
21-12-22 15:00;3847.43;3881.86;3847.43;3881.84
21-12-22 16:00;3881.86;3888.39;3872.74;3875.93
21-12-22 17:00;3876.03;3879.98;3871.02;3879.96
21-12-22 18:00;3879.92;3883.92;3872.94;3879.96
21-12-22 19:00;3880.06;3889.82;3873.91;3877.42
21-12-22 20:00;3877.4;3880.37;3868.9;3878.06
21-12-22 21:00;3878.63;3878.63;3878.38;3878.44
22-12-22 14:00;3853.26;3853.26;3826.28;3831.77
22-12-22 15:00;3831.91;3831.91;3805.92;3807.29
22-12-22 16:00;3807.32;3811.89;3798.55;3802.67
22-12-22 17:00;3802.6;3802.8;3777.75;3781.3
22-12-22 18:00;3781.29;3781.3;3764.49;3771.29
22-12-22 19:00;3771.28;3801.74;3771.28;3801.44
22-12-22 20:00;3801.21;3823.39;3798.59;3822.96
22-12-22 21:00;3822.98;3822.98;3822.39;3822.39
23-12-22 14:00;3815.11;3827.17;3797.01;3799.89
23-12-22 15:00;3800.38;3842.68;3799.73;3824.43
23-12-22 16:00;3824.32;3836.67;3816.68;3831.58
23-12-22 17:00;3831.64;3843.68;3830.58;3834.89
23-12-22 18:00;3834.88;3839.74;3827.58;3830.87
23-12-22 19:00;3830.86;3841.58;3827.22;3841.26
23-12-22 20:00;3841.25;3845.8;3832.12;3844.45
23-12-22 21:00;3845.11;3845.11;3844.82;3844.82
27-12-22 14:00;3843.34;3845.14;3817.1;3820.73
27-12-22 15:00;3821.44;3846.65;3813.22;3835.14
27-12-22 16:00;3835.17;3844.1;3832.83;3838.98
27-12-22 17:00;3839.03;3846.51;3831.14;3836.59
27-12-22 18:00;3836.61;3841.34;3826.76;3827.55
27-12-22 19:00;3827.57;3832.13;3821.21;3828.93
27-12-22 20:00;3828.95;3839.26;3826.92;3829.38
27-12-22 21:00;3829.42;3829.42;3829.24;3829.25
28-12-22 14:00;3829.56;3848.32;3823.01;3835.97
28-12-22 15:00;3836.34;3844.41;3809.26;3810.01
28-12-22 16:00;3809.75;3811.65;3797.13;3797.73
28-12-22 17:00;3797.77;3810.28;3788.91;3809.16
28-12-22 18:00;3809.18;3817.48;3800.88;3802.45
28-12-22 19:00;3802.43;3808.85;3797.56;3799.7
28-12-22 20:00;3799.9;3800.2;3780.78;3783.15
28-12-22 21:00;3782.72;3783.22;3782.72;3783.22
29-12-22 14:00;3805.45;3832.92;3805.45;3830.84
29-12-22 15:00;3830.82;3847.47;3829.16;3846.64
29-12-22 16:00;3847.05;3857.28;3838.52;3854.61
29-12-22 17:00;3854.49;3856.37;3848.33;3853.71
29-12-22 18:00;3853.45;3854.74;3847.66;3853.98
29-12-22 19:00;3853.97;3858.19;3849.99;3850.56
29-12-22 20:00;3850.58;3855.2;3847.47;3848.69
29-12-22 21:00;3849.13;3849.38;3849.12;3849.28
30-12-22 14:00;3829.06;3830.02;3806.88;3818.57
30-12-22 15:00;3819.43;3829.96;3811.88;3819.22
30-12-22 16:00;3819.16;3822.83;3812.16;3822.26
30-12-22 17:00;3822.23;3825.41;3819.1;3823.65
30-12-22 18:00;3824;3824.04;3800.34;3808.51
30-12-22 19:00;3808.47;3809.62;3801.44;3805.66
30-12-22 20:00;3805.54;3839.85;3805.51;3839.85
30-12-22 21:00;3839.58;3839.61;3839.49;3839.5
